Station,DBKEY,Daily Date,Data Value,Qualifer,Revision Date
BBCW10,AP143,29-Sep-21,0.7,,30-Nov-21
BBCW10,AP143,30-Sep-21,0.7,,30-Nov-21
BBCW10,AP143,1-Oct-21,0.9,,30-Nov-21
BBCW10,AP143,2-Oct-21,1,,30-Nov-21
BBCW10,AP143,3-Oct-21,0.8,,30-Nov-21
BBCW10,AP143,4-Oct-21,0.6,,30-Nov-21
BBCW10,AP143,5-Oct-21,0.7,,30-Nov-21
BBCW10,AP143,6-Oct-21,0.6,,30-Nov-21
BBCW10,AP143,7-Oct-21,0.6,,30-Nov-21
BBCW10,AP143,8-Oct-21,0.6,,30-Nov-21
BBCW10,AP143,9-Oct-21,0.7,,30-Nov-21
BBCW10,AP143,10-Oct-21,0.5,,30-Nov-21
BBCW10,AP143,11-Oct-21,0.5,,30-Nov-21
BBCW10,AP143,12-Oct-21,0.5,,30-Nov-21
BBCW10,AP143,13-Oct-21,0.5,,30-Nov-21
BBCW10,AP143,14-Oct-21,0.6,,30-Nov-21
BBCW10,AP143,15-Oct-21,0.6,,30-Nov-21
BBCW10,AP143,16-Oct-21,0.6,,30-Nov-21
BBCW10,AP143,17-Oct-21,0.6,,30-Nov-21
BBCW10,AP143,18-Oct-21,0.8,,30-Nov-21
BBCW10,AP143,19-Oct-21,0.8,,30-Nov-21
BBCW10,AP143,20-Oct-21,0.8,,30-Nov-21
BBCW10,AP143,21-Oct-21,0.8,,30-Nov-21
BBCW10,AP143,22-Oct-21,0.9,,30-Nov-21
BBCW10,AP143,23-Oct-21,1.3,,30-Nov-21
BBCW10,AP143,24-Oct-21,1.2,,30-Nov-21
BBCW10,AP143,25-Oct-21,1.2,,30-Nov-21
BBCW10,AP143,26-Oct-21,1.1,,7-Jan-22
BBCW10,AP143,27-Oct-21,1.2,,7-Jan-22
BBCW10,AP143,28-Oct-21,1.3,,7-Jan-22
BBCW10,AP143,29-Oct-21,1.4,,7-Jan-22
BBCW10,AP143,30-Oct-21,1.1,,7-Jan-22
BBCW10,AP143,31-Oct-21,1,,7-Jan-22
BBCW10,AP143,1-Nov-21,1.1,,7-Jan-22
BBCW10,AP143,2-Nov-21,1.1,,7-Jan-22
BBCW10,AP143,3-Nov-21,1.2,,7-Jan-22
BBCW10,AP143,4-Nov-21,1.3,,7-Jan-22
BBCW10,AP143,5-Nov-21,1.4,,7-Jan-22
BBCW10,AP143,6-Nov-21,1.1,,7-Jan-22
BBCW10,AP143,7-Nov-21,1,,7-Jan-22
BBCW10,AP143,8-Nov-21,1,,7-Jan-22
BBCW10,AP143,9-Nov-21,0.9,,7-Jan-22
BBCW10,AP143,10-Nov-21,0.9,,7-Jan-22
BBCW10,AP143,11-Nov-21,1,,7-Jan-22
BBCW10,AP143,12-Nov-21,1,,7-Jan-22
BBCW10,AP143,13-Nov-21,1.1,,7-Jan-22
BBCW10,AP143,14-Nov-21,0.8,,7-Jan-22
BBCW10,AP143,15-Nov-21,0.7,,7-Jan-22
BBCW10,AP143,16-Nov-21,0.8,,7-Jan-22
BBCW10,AP143,17-Nov-21,1.1,,7-Jan-22
BBCW10,AP143,18-Nov-21,1.2,,7-Jan-22
BBCW10,AP143,19-Nov-21,1.1,,7-Jan-22
BBCW10,AP143,20-Nov-21,1.1,,7-Jan-22
BBCW10,AP143,21-Nov-21,1.1,,1-Mar-22
BBCW10,AP143,22-Nov-21,1,,1-Mar-22
BBCW10,AP143,23-Nov-21,1.2,,1-Mar-22
BBCW10,AP143,24-Nov-21,1.1,,1-Mar-22
BBCW10,AP143,25-Nov-21,1.2,,1-Mar-22
BBCW10,AP143,26-Nov-21,1,,1-Mar-22
BBCW10,AP143,27-Nov-21,0.9,,1-Mar-22
BBCW10,AP143,28-Nov-21,0.9,,1-Mar-22
BBCW10,AP143,29-Nov-21,0.8,,1-Mar-22
BBCW10,AP143,30-Nov-21,0.8,,1-Mar-22
BBCW10,AP143,1-Dec-21,0.9,,1-Mar-22
BBCW10,AP143,2-Dec-21,0.8,,1-Mar-22
BBCW10,AP143,3-Dec-21,0.8,,1-Mar-22
BBCW10,AP143,4-Dec-21,1,,1-Mar-22
BBCW10,AP143,5-Dec-21,1.1,,1-Mar-22
BBCW10,AP143,6-Dec-21,1.1,,1-Mar-22
BBCW10,AP143,7-Dec-21,1.1,,1-Mar-22
BBCW10,AP143,8-Dec-21,1,,1-Mar-22
BBCW10,AP143,9-Dec-21,1,,1-Mar-22
BBCW10,AP143,10-Dec-21,1,,1-Mar-22
BBCW10,AP143,11-Dec-21,1,,1-Mar-22
BBCW10,AP143,12-Dec-21,1,,1-Mar-22
BBCW10,AP143,13-Dec-21,1.1,,1-Mar-22
BBCW10,AP143,14-Dec-21,1.2,,1-Mar-22
BBCW10,AP143,15-Dec-21,1.2,,1-Mar-22
BBCW10,AP143,16-Dec-21,1.2,,1-Mar-22
BBCW10,AP143,17-Dec-21,1.2,,1-Mar-22
BBCW10,AP143,18-Dec-21,1,,1-Mar-22
BBCW10,AP143,19-Dec-21,0.9,,1-Mar-22
BBCW10,AP143,20-Dec-21,1,,1-Mar-22
BBCW10,AP143,21-Dec-21,1.4,,1-Mar-22
BBCW10,AP143,22-Dec-21,1.1,,1-Mar-22
BBCW10,AP143,23-Dec-21,0.9,,1-Mar-22
BBCW10,AP143,24-Dec-21,0.9,,1-Mar-22
BBCW10,AP143,25-Dec-21,1,,1-Mar-22
BBCW10,AP143,26-Dec-21,1,,1-Mar-22
BBCW10,AP143,27-Dec-21,1,,1-Mar-22
BBCW10,AP143,28-Dec-21,0.8,,1-Mar-22
BBCW10,AP143,29-Dec-21,0.6,,1-Mar-22
BBCW10,AP143,30-Dec-21,0.4,,1-Mar-22
BBCW10,AP143,31-Dec-21,0.4,,1-Mar-22
BBCW10,AP143,1-Jan-22,0.3,,1-Mar-22
BBCW10,AP143,2-Jan-22,0.3,,1-Mar-22
BBCW10,AP143,3-Jan-22,0.3,,1-Mar-22
BBCW10,AP143,4-Jan-22,0.2,,1-Mar-22
BBCW10,AP143,5-Jan-22,0.3,,1-Mar-22
BBCW10,AP143,6-Jan-22,0,,1-Mar-22
BBCW10,AP143,7-Jan-22,0,,1-Mar-22
BBCW10,AP143,8-Jan-22,0.2,,1-Mar-22
BBCW10,AP143,9-Jan-22,1.7,,1-Mar-22
BBCW10,AP143,10-Jan-22,1.6,,1-Mar-22
BBCW10,AP143,11-Jan-22,1.6,,1-Mar-22
BBCW10,AP143,12-Jan-22,2,,1-Mar-22
BBCW10,AP143,13-Jan-22,1.4,,1-Mar-22
BBCW10,AP143,14-Jan-22,1,,1-Mar-22
BBCW10,AP143,15-Jan-22,1.1,,1-Mar-22
BBCW10,AP143,16-Jan-22,1.4,,1-Mar-22
BBCW10,AP143,17-Jan-22,1.2,,1-Mar-22
BBCW10,AP143,18-Jan-22,1.2,,20-May-22
BBCW10,AP143,19-Jan-22,1.2,,20-May-22
BBCW10,AP143,20-Jan-22,1.2,,20-May-22
BBCW10,AP143,21-Jan-22,1.2,,20-May-22
BBCW10,AP143,22-Jan-22,1.2,,20-May-22
BBCW10,AP143,23-Jan-22,1.2,,20-May-22
BBCW10,AP143,24-Jan-22,1,,20-May-22
BBCW10,AP143,25-Jan-22,1,,20-May-22
BBCW10,AP143,26-Jan-22,1.1,,20-May-22
BBCW10,AP143,27-Jan-22,1,,20-May-22
BBCW10,AP143,28-Jan-22,0.9,,20-May-22
BBCW10,AP143,29-Jan-22,1,,20-May-22
BBCW10,AP143,30-Jan-22,0.9,,20-May-22
BBCW10,AP143,31-Jan-22,0.8,,20-May-22
BBCW10,AP143,1-Feb-22,1,,20-May-22
BBCW10,AP143,2-Feb-22,1.1,,20-May-22
BBCW10,AP143,3-Feb-22,1.1,,20-May-22
BBCW10,AP143,4-Feb-22,1.1,,20-May-22
BBCW10,AP143,5-Feb-22,1,,20-May-22
BBCW10,AP143,6-Feb-22,0.9,,20-May-22
BBCW10,AP143,7-Feb-22,1,,20-May-22
BBCW10,AP143,8-Feb-22,1.1,,20-May-22
BBCW10,AP143,9-Feb-22,1.2,,20-May-22
BBCW10,AP143,10-Feb-22,0.9,,20-May-22
BBCW10,AP143,11-Feb-22,0.9,,20-May-22
BBCW10,AP143,12-Feb-22,0.9,,20-May-22
BBCW10,AP143,13-Feb-22,1,,20-May-22
BBCW10,AP143,14-Feb-22,1,,20-May-22
BBCW10,AP143,15-Feb-22,1.3,,20-May-22
BBCW10,AP143,16-Feb-22,1.4,,20-May-22
BBCW10,AP143,17-Feb-22,1.2,,20-May-22
BBCW10,AP143,18-Feb-22,1.1,,20-May-22
BBCW10,AP143,19-Feb-22,1,,20-May-22
BBCW10,AP143,20-Feb-22,1.2,,20-May-22
BBCW10,AP143,21-Feb-22,1.1,,20-May-22
BBCW10,AP143,22-Feb-22,1.1,,20-May-22
BBCW10,AP143,23-Feb-22,1.1,,20-May-22
BBCW10,AP143,24-Feb-22,1,,20-May-22
BBCW10,AP143,25-Feb-22,1.1,,20-May-22
BBCW10,AP143,26-Feb-22,1,,20-May-22
BBCW10,AP143,27-Feb-22,1,,20-May-22
BBCW10,AP143,28-Feb-22,0.9,,20-May-22
BBCW10,AP143,1-Mar-22,0.9,,20-May-22
BBCW10,AP143,2-Mar-22,1,,20-May-22
BBCW10,AP143,3-Mar-22,1,,20-May-22
BBCW10,AP143,4-Mar-22,1.1,,20-May-22
BBCW10,AP143,5-Mar-22,1.7,,20-May-22
BBCW10,AP143,6-Mar-22,1.8,,20-May-22
BBCW10,AP143,7-Mar-22,1.6,,20-May-22
BBCW10,AP143,8-Mar-22,1.2,,20-May-22
BBCW10,AP143,9-Mar-22,1,,20-May-22
BBCW10,AP143,10-Mar-22,0.8,,20-May-22
BBCW10,AP143,11-Mar-22,0.8,,20-May-22
BBCW10,AP143,12-Mar-22,1.1,,20-May-22
BBCW10,AP143,13-Mar-22,1,,20-May-22
BBCW10,AP143,14-Mar-22,1.1,,20-May-22
BBCW10,AP143,15-Mar-22,1,,20-May-22
BBCW10,AP143,16-Mar-22,0.9,,20-May-22
BBCW10,AP143,17-Mar-22,0.9,,20-May-22
BBCW10,AP143,18-Mar-22,0.9,,20-May-22
BBCW10,AP143,19-Mar-22,0.9,,20-May-22
BBCW10,AP143,20-Mar-22,1,,20-May-22
BBCW10,AP143,21-Mar-22,1.3,,20-May-22
BBCW10,AP143,22-Mar-22,1.4,,20-May-22
BBCW10,AP143,23-Mar-22,1.2,,20-May-22
BBCW10,AP143,24-Mar-22,1,,20-May-22
BBCW10,AP143,25-Mar-22,1,,20-May-22
BBCW10,AP143,26-Mar-22,0.8,,20-May-22
BBCW10,AP143,27-Mar-22,0.7,,20-May-22
BBCW10,AP143,28-Mar-22,0.8,,20-May-22
BBCW10,AP143,29-Mar-22,0.8,,9-Jul-22
BBCW10,AP143,30-Mar-22,0.9,,9-Jul-22
BBCW10,AP143,31-Mar-22,1,,9-Jul-22
BBCW10,AP143,1-Apr-22,0.7,,9-Jul-22
BBCW10,AP143,2-Apr-22,0.7,,9-Jul-22
BBCW10,AP143,3-Apr-22,0.7,,9-Jul-22
BBCW10,AP143,4-Apr-22,0.8,,9-Jul-22
BBCW10,AP143,5-Apr-22,0.6,,9-Jul-22
BBCW10,AP143,6-Apr-22,0.6,,9-Jul-22
BBCW10,AP143,7-Apr-22,0.6,,9-Jul-22
BBCW10,AP143,8-Apr-22,0.5,,9-Jul-22
BBCW10,AP143,9-Apr-22,0.5,,9-Jul-22
BBCW10,AP143,10-Apr-22,0.5,,9-Jul-22
BBCW10,AP143,11-Apr-22,0.7,,9-Jul-22
BBCW10,AP143,12-Apr-22,0.7,,9-Jul-22
BBCW10,AP143,13-Apr-22,0.7,,9-Jul-22
BBCW10,AP143,14-Apr-22,0.6,,9-Jul-22
BBCW10,AP143,15-Apr-22,0.7,,9-Jul-22
BBCW10,AP143,16-Apr-22,0.7,,9-Jul-22
BBCW10,AP143,17-Apr-22,0.7,,9-Jul-22
BBCW10,AP143,18-Apr-22,0.7,,9-Jul-22
BBCW10,AP143,19-Apr-22,0.7,,9-Jul-22
BBCW10,AP143,20-Apr-22,0.8,,9-Jul-22
BBCW10,AP143,21-Apr-22,0.9,,9-Jul-22
BBCW10,AP143,22-Apr-22,1.1,,9-Jul-22
BBCW10,AP143,23-Apr-22,1,,9-Jul-22
BBCW10,AP143,24-Apr-22,1.1,,9-Jul-22
BBCW10,AP143,25-Apr-22,1.1,,9-Jul-22
BBCW10,AP143,26-Apr-22,1,,16-Jul-22
BBCW10,AP143,27-Apr-22,1.1,,16-Jul-22
BBCW10,AP143,28-Apr-22,1,,16-Jul-22
BBCW10,AP143,29-Apr-22,1.1,,16-Jul-22
BBCW10,AP143,30-Apr-22,1.2,,16-Jul-22
BBCW10,AP143,1-May-22,1.2,,16-Jul-22
BBCW10,AP143,2-May-22,1.1,,16-Jul-22
BBCW10,AP143,3-May-22,1.1,,16-Jul-22
BBCW10,AP143,4-May-22,0.9,,16-Jul-22
BBCW10,AP143,5-May-22,1,,16-Jul-22
BBCW10,AP143,6-May-22,0.9,,16-Jul-22
BBCW10,AP143,7-May-22,0.9,,16-Jul-22
BBCW10,AP143,8-May-22,0.8,,16-Jul-22
BBCW10,AP143,9-May-22,0.9,,16-Jul-22
BBCW10,AP143,10-May-22,0.9,,16-Jul-22
BBCW10,AP143,11-May-22,1,,16-Jul-22
BBCW10,AP143,12-May-22,0.9,,16-Jul-22
BBCW10,AP143,13-May-22,0.9,,16-Jul-22
BBCW10,AP143,14-May-22,0.9,,16-Jul-22
BBCW10,AP143,15-May-22,1.1,,16-Jul-22
BBCW10,AP143,16-May-22,1.1,,16-Jul-22
BBCW10,AP143,17-May-22,1,,16-Jul-22
BBCW10,AP143,18-May-22,1,,16-Jul-22
BBCW10,AP143,19-May-22,0.8,,16-Jul-22
BBCW10,AP143,20-May-22,1,,16-Jul-22
BBCW10,AP143,21-May-22,1.2,,16-Jul-22
BBCW10,AP143,22-May-22,1.1,,16-Jul-22
BBCW10,AP143,23-May-22,1,,16-Jul-22
BBCW10,AP143,24-May-22,1,,16-Jul-22
BBCW10,AP143,25-May-22,1.1,,16-Jul-22
BBCW10,AP143,26-May-22,1.1,,17-Sep-22
BBCW10,AP143,27-May-22,1,,17-Sep-22
BBCW10,AP143,28-May-22,1.3,,17-Sep-22
BBCW10,AP143,29-May-22,1.5,,17-Sep-22
BBCW10,AP143,30-May-22,1.6,,17-Sep-22
BBCW10,AP143,31-May-22,1.8,,17-Sep-22
BBCW10,AP143,1-Jun-22,1.2,,17-Sep-22
BBCW10,AP143,2-Jun-22,1.4,,17-Sep-22
BBCW10,AP143,3-Jun-22,1.8,,17-Sep-22
BBCW10,AP143,4-Jun-22,2.6,,17-Sep-22
BBCW10,AP143,5-Jun-22,1.6,,17-Sep-22
BBCW10,AP143,6-Jun-22,1.5,,17-Sep-22
BBCW10,AP143,7-Jun-22,2,,17-Sep-22
BBCW10,AP143,8-Jun-22,1.7,,17-Sep-22
BBCW10,AP143,9-Jun-22,2,,17-Sep-22
BBCW10,AP143,10-Jun-22,2.4,,17-Sep-22
BBCW10,AP143,11-Jun-22,2.9,,17-Sep-22
BBCW10,AP143,12-Jun-22,2.7,,17-Sep-22
BBCW10,AP143,13-Jun-22,2.8,,17-Sep-22
BBCW10,AP143,14-Jun-22,3,,17-Sep-22
BBCW10,AP143,15-Jun-22,2.3,,17-Sep-22
BBCW10,AP143,16-Jun-22,1.9,,17-Sep-22
BBCW10,AP143,17-Jun-22,1.4,,17-Sep-22
BBCW10,AP143,18-Jun-22,1.3,,17-Sep-22
BBCW10,AP143,19-Jun-22,1.1,,17-Sep-22
BBCW10,AP143,20-Jun-22,1,,17-Sep-22
BBCW10,AP143,21-Jun-22,1.5,,17-Sep-22
BBCW10,AP143,22-Jun-22,1.6,,17-Sep-22
BBCW10,AP143,23-Jun-22,1.4,,17-Sep-22
BBCW10,AP143,24-Jun-22,1.2,,17-Sep-22
BBCW10,AP143,25-Jun-22,1,,17-Sep-22
BBCW10,AP143,26-Jun-22,1,,17-Sep-22
BBCW10,AP143,27-Jun-22,1.1,,17-Sep-22
BBCW10,AP143,28-Jun-22,1.1,,17-Sep-22
BBCW10,AP143,29-Jun-22,1,,22-Nov-22
BBCW10,AP143,30-Jun-22,1.1,,22-Nov-22
BBCW10,AP143,1-Jul-22,1.1,,22-Nov-22
BBCW10,AP143,2-Jul-22,1,,22-Nov-22
BBCW10,AP143,3-Jul-22,1.1,,22-Nov-22
BBCW10,AP143,4-Jul-22,1.1,,22-Nov-22
BBCW10,AP143,5-Jul-22,1.1,,22-Nov-22
BBCW10,AP143,6-Jul-22,1.1,,22-Nov-22
BBCW10,AP143,7-Jul-22,1.1,,22-Nov-22
BBCW10,AP143,8-Jul-22,1.1,,22-Nov-22
BBCW10,AP143,9-Jul-22,0.9,,22-Nov-22
BBCW10,AP143,10-Jul-22,0.8,,22-Nov-22
BBCW10,AP143,11-Jul-22,0.8,,22-Nov-22
BBCW10,AP143,12-Jul-22,0.7,,22-Nov-22
BBCW10,AP143,13-Jul-22,0.8,,22-Nov-22
BBCW10,AP143,14-Jul-22,0.9,,22-Nov-22
BBCW10,AP143,15-Jul-22,1.5,,22-Nov-22
BBCW10,AP143,16-Jul-22,1.4,,22-Nov-22
BBCW10,AP143,17-Jul-22,0.9,,22-Nov-22
BBCW10,AP143,18-Jul-22,0.5,,22-Nov-22
BBCW10,AP143,19-Jul-22,0.7,,22-Nov-22
BBCW10,AP143,20-Jul-22,0.8,,22-Nov-22
BBCW10,AP143,21-Jul-22,0.6,,22-Nov-22
BBCW10,AP143,22-Jul-22,0.6,,22-Nov-22
BBCW10,AP143,23-Jul-22,0.7,,22-Nov-22
BBCW10,AP143,24-Jul-22,1.4,,22-Nov-22
BBCW10,AP143,25-Jul-22,1.4,,22-Nov-22
BBCW10,AP143,26-Jul-22,1.4,,22-Nov-22
BBCW10,AP143,27-Jul-22,0.9,,22-Nov-22
BBCW10,AP143,28-Jul-22,1.3,,22-Nov-22
BBCW10,AP143,29-Jul-22,2.1,,22-Nov-22
BBCW10,AP143,30-Jul-22,2.1,,22-Nov-22
BBCW10,AP143,31-Jul-22,1.6,,22-Nov-22
BBCW10,AP143,1-Aug-22,1.5,,22-Nov-22
BBCW10,AP143,2-Aug-22,1.5,,22-Nov-22
BBCW10,AP143,3-Aug-22,1.5,,22-Nov-22
BBCW10,AP143,4-Aug-22,1.7,,22-Nov-22
BBCW10,AP143,5-Aug-22,1.6,,22-Nov-22
BBCW10,AP143,6-Aug-22,1.7,,22-Nov-22
BBCW10,AP143,7-Aug-22,2.2,,22-Nov-22
BBCW10,AP143,8-Aug-22,1.5,,22-Nov-22
BBCW10,AP143,9-Aug-22,1.5,,22-Nov-22
BBCW10,AP143,10-Aug-22,1.4,,22-Nov-22
BBCW10,AP143,11-Aug-22,1.6,,22-Nov-22
BBCW10,AP143,12-Aug-22,1.5,,22-Nov-22
BBCW10,AP143,13-Aug-22,1.3,,22-Nov-22
BBCW10,AP143,14-Aug-22,1.4,,22-Nov-22
BBCW10,AP143,15-Aug-22,1.2,,22-Nov-22
BBCW10,AP143,16-Aug-22,1.3,,22-Nov-22
BBCW10,AP143,17-Aug-22,1.1,,22-Nov-22
BBCW10,AP143,18-Aug-22,1,,22-Nov-22
BBCW10,AP143,19-Aug-22,0.9,,22-Nov-22
BBCW10,AP143,20-Aug-22,1.2,,22-Nov-22
BBCW10,AP143,21-Aug-22,1.5,,22-Nov-22
BBCW10,AP143,22-Aug-22,1.5,,22-Nov-22
BBCW10,AP143,23-Aug-22,1.2,,22-Nov-22
BBCW10,AP143,24-Aug-22,1.5,,22-Nov-22
BBCW10,AP143,25-Aug-22,1.2,,22-Nov-22
BBCW10,AP143,26-Aug-22,1.1,,22-Nov-22
BBCW10,AP143,27-Aug-22,1.3,,22-Nov-22
BBCW10,AP143,28-Aug-22,1.4,,22-Nov-22
BBCW10,AP143,29-Aug-22,1.2,,22-Nov-22
BBCW10,AP143,30-Aug-22,1,,22-Nov-22
BBCW10,AP143,31-Aug-22,1.1,,19-Feb-23
BBCW10,AP143,1-Sep-22,1,,11-Apr-23
BBCW10,AP143,2-Sep-22,1,,11-Apr-23
BBCW10,AP143,3-Sep-22,1,,11-Apr-23
BBCW10,AP143,4-Sep-22,1,,11-Apr-23
BBCW10,AP143,5-Sep-22,1,,11-Apr-23
BBCW10,AP143,6-Sep-22,1,,11-Apr-23
BBCW10,AP143,7-Sep-22,1,,11-Apr-23
BBCW10,AP143,8-Sep-22,1,,11-Apr-23
BBCW10,AP143,9-Sep-22,1.1,,11-Apr-23
BBCW10,AP143,10-Sep-22,1,,11-Apr-23
BBCW10,AP143,11-Sep-22,1.1,,11-Apr-23
BBCW10,AP143,12-Sep-22,1,,11-Apr-23
BBCW10,AP143,13-Sep-22,1,,11-Apr-23
BBCW10,AP143,14-Sep-22,1.1,,11-Apr-23
BBCW10,AP143,15-Sep-22,0.9,,11-Apr-23
BBCW10,AP143,16-Sep-22,1.1,,11-Apr-23
BBCW10,AP143,17-Sep-22,1.3,,11-Apr-23
BBCW10,AP143,18-Sep-22,1.3,,11-Apr-23
BBCW10,AP143,19-Sep-22,1.2,,11-Apr-23
BBCW10,AP143,20-Sep-22,1.3,,11-Apr-23
BBCW10,AP143,21-Sep-22,1.3,,11-Apr-23
BBCW10,AP143,22-Sep-22,1.2,,11-Apr-23
BBCW10,AP143,23-Sep-22,1.1,,11-Apr-23
BBCW10,AP143,24-Sep-22,1.2,,11-Apr-23
BBCW10,AP143,25-Sep-22,1.4,,11-Apr-23
BBCW10,AP143,26-Sep-22,1.5,,11-Apr-23
BBCW10,AP143,27-Sep-22,3.3,,11-Apr-23
BBCW10,AP143,28-Sep-22,4.2,,11-Apr-23
BBCW10,AP143,29-Sep-22,1.5,,11-Apr-23
BBCW10,AP143,30-Sep-22,1.1,,11-Apr-23
BBCW10,AP143,1-Oct-22,1.1,,11-Apr-23
BBCW10,AP143,2-Oct-22,1.1,,11-Apr-23
BBCW10,AP143,3-Oct-22,1.1,,11-Apr-23
BBCW10,AP143,4-Oct-22,1.3,,11-Apr-23
BBCW10,AP143,5-Oct-22,1.4,,11-Apr-23
BBCW10,AP143,6-Oct-22,1.6,,11-Apr-23
BBCW10,AP143,7-Oct-22,1.7,,11-Apr-23
BBCW10,AP143,8-Oct-22,1.1,M,11-Apr-23
BBCW10,AP143,9-Oct-22,1.1,M,11-Apr-23
BBCW10,AP143,10-Oct-22,1.1,M,11-Apr-23
BBCW10,AP143,11-Oct-22,1.1,M,11-Apr-23
BBCW10,AP143,12-Oct-22,1.1,M,11-Apr-23
BBCW10,AP143,13-Oct-22,1.1,M,11-Apr-23
BBCW10,AP143,14-Oct-22,1.1,M,11-Apr-23
BBCW10,AP143,15-Oct-22,1.1,M,11-Apr-23
BBCW10,AP143,16-Oct-22,1.1,M,11-Apr-23
BBCW10,AP143,17-Oct-22,1.1,M,11-Apr-23
BBCW10,AP143,18-Oct-22,1.1,M,11-Apr-23
BBCW10,AP143,19-Oct-22,1.1,M,11-Apr-23
BBCW10,AP143,20-Oct-22,1.1,M,11-Apr-23
BBCW10,AP143,21-Oct-22,1.1,M,11-Apr-23
BBCW10,AP143,22-Oct-22,1.1,M,11-Apr-23
BBCW10,AP143,23-Oct-22,1.1,M,11-Apr-23
BBCW10,AP143,24-Oct-22,1.1,M,11-Apr-23
BBCW10,AP143,25-Oct-22,1.1,M,11-Apr-23
BBCW10,AP143,26-Oct-22,0.5,,11-Apr-23
BBCW10,AP143,27-Oct-22,0.5,,11-Apr-23
BBCW10,AP143,28-Oct-22,0.7,,11-Apr-23
BBCW10,AP143,29-Oct-22,0.9,,11-Apr-23
BBCW10,AP143,30-Oct-22,1,,11-Apr-23
BBCW10,AP143,31-Oct-22,0.8,,11-Apr-23
BBCW10,AP143,1-Nov-22,0.8,,11-Apr-23
BBCW10,AP143,2-Nov-22,0.9,,11-Apr-23
BBCW10,AP143,3-Nov-22,0.9,,11-Apr-23
BBCW10,AP143,4-Nov-22,1.2,,11-Apr-23
BBCW10,AP143,5-Nov-22,1.2,,11-Apr-23
BBCW10,AP143,6-Nov-22,1.4,,11-Apr-23
BBCW10,AP143,7-Nov-22,2,,11-Apr-23
BBCW10,AP143,8-Nov-22,1.8,,11-Apr-23
BBCW10,AP143,9-Nov-22,1.6,,11-Apr-23
BBCW10,AP143,10-Nov-22,1.3,,11-Apr-23
BBCW10,AP143,11-Nov-22,1.2,,11-Apr-23
BBCW10,AP143,12-Nov-22,1.4,,11-Apr-23
BBCW10,AP143,13-Nov-22,1.4,M,11-Apr-23
BBCW10,AP143,14-Nov-22,1.4,M,11-Apr-23
BBCW10,AP143,15-Nov-22,1.4,M,11-Apr-23
BBCW10,AP143,16-Nov-22,1.4,M,11-Apr-23
BBCW10,AP143,17-Nov-22,1.4,M,11-Apr-23
BBCW10,AP143,18-Nov-22,1.4,M,11-Apr-23
BBCW10,AP143,19-Nov-22,1.4,M,11-Apr-23
BBCW10,AP143,20-Nov-22,1.4,M,11-Apr-23
BBCW10,AP143,21-Nov-22,1.4,M,11-Apr-23
BBCW10,AP143,22-Nov-22,1.4,M,11-Apr-23
BBCW10,AP143,23-Nov-22,1.4,M,11-Apr-23
BBCW10,AP143,24-Nov-22,1.3,M,11-Apr-23
BBCW10,AP143,25-Nov-22,1.3,M,11-Apr-23
BBCW10,AP143,26-Nov-22,1.3,M,11-Apr-23
BBCW10,AP143,27-Nov-22,1.3,M,11-Apr-23
BBCW10,AP143,28-Nov-22,1.3,M,11-Apr-23
BBCW10,AP143,29-Nov-22,1.3,M,11-Apr-23
BBCW10,AP143,30-Nov-22,1.3,M,11-Apr-23
BBCW10,AP143,1-Dec-22,1.3,M,11-Apr-23
BBCW10,AP143,2-Dec-22,1.3,M,11-Apr-23
BBCW10,AP143,3-Dec-22,1.3,M,11-Apr-23
BBCW10,AP143,4-Dec-22,1.3,M,11-Apr-23
BBCW10,AP143,5-Dec-22,1.3,,12-Apr-23
BBCW10,AP143,6-Dec-22,1.4,,12-Apr-23
BBCW10,AP143,7-Dec-22,1.6,,12-Apr-23
BBCW10,AP143,8-Dec-22,1.5,,12-Apr-23
BBCW10,AP143,9-Dec-22,1.3,,12-Apr-23
BBCW10,AP143,10-Dec-22,1.2,,12-Apr-23
BBCW10,AP143,11-Dec-22,1.2,,12-Apr-23
BBCW10,AP143,12-Dec-22,1.2,,12-Apr-23
BBCW10,AP143,13-Dec-22,1.2,,12-Apr-23
BBCW10,AP143,14-Dec-22,1.1,,12-Apr-23
BBCW10,AP143,15-Dec-22,1.1,,12-Apr-23
BBCW10,AP143,16-Dec-22,1,,12-Apr-23
BBCW10,AP143,17-Dec-22,1.1,,12-Apr-23
BBCW10,AP143,18-Dec-22,1.1,,12-Apr-23
BBCW10,AP143,19-Dec-22,1,,12-Apr-23
BBCW10,AP143,20-Dec-22,1.2,,12-Apr-23
BBCW10,AP143,21-Dec-22,1.1,,12-Apr-23
BBCW10,AP143,22-Dec-22,1.2,,12-Apr-23
BBCW10,AP143,23-Dec-22,1.1,,12-Apr-23
BBCW10,AP143,24-Dec-22,0.9,,12-Apr-23
BBCW10,AP143,25-Dec-22,1.1,,12-Apr-23
BBCW10,AP143,26-Dec-22,1.1,,12-Apr-23
BBCW10,AP143,27-Dec-22,0.9,,12-Apr-23
BBCW10,AP143,28-Dec-22,0.9,,12-Apr-23
BBCW10,AP143,29-Dec-22,1.1,,12-Apr-23
BBCW10,AP143,30-Dec-22,1.3,,12-Apr-23
BBCW10,AP143,31-Dec-22,1.2,,12-Apr-23
BBCW10,AP143,1-Jan-23,1.2,,12-Apr-23
BBCW10,AP143,2-Jan-23,1.2,,12-Apr-23
BBCW10,AP143,3-Jan-23,1.2,,12-Apr-23
BBCW10,AP143,4-Jan-23,1,,12-Apr-23
BBCW10,AP143,5-Jan-23,0.9,,12-Apr-23
BBCW10,AP143,6-Jan-23,1,,12-Apr-23
BBCW10,AP143,7-Jan-23,0.9,,12-Apr-23
BBCW10,AP143,8-Jan-23,1.1,,12-Apr-23
BBCW10,AP143,9-Jan-23,1.1,,12-Apr-23
BBCW10,AP143,10-Jan-23,1.1,,12-Apr-23
BBCW10,AP143,11-Jan-23,1.1,,12-Apr-23
BBCW10,AP143,12-Jan-23,1.1,,12-Apr-23
BBCW10,AP143,13-Jan-23,1.2,,12-Apr-23
BBCW10,AP143,14-Jan-23,1.1,,12-Apr-23
BBCW10,AP143,15-Jan-23,0.9,,12-Apr-23
BBCW10,AP143,16-Jan-23,0.9,,12-Apr-23
BBCW10,AP143,17-Jan-23,0.9,,12-Apr-23
BBCW10,AP143,18-Jan-23,1,,12-Apr-23
BBCW10,AP143,19-Jan-23,1.1,,12-Apr-23
BBCW10,AP143,20-Jan-23,1.2,,12-Apr-23
BBCW10,AP143,21-Jan-23,1.1,M,12-Apr-23
BBCW10,AP143,22-Jan-23,1.1,M,12-Apr-23
BBCW10,AP143,23-Jan-23,1.1,M,12-Apr-23
BBCW10,AP143,24-Jan-23,1.1,M,12-Apr-23
BBCW10,AP143,25-Jan-23,1.1,M,12-Apr-23
BBCW10,AP143,26-Jan-23,0.9,,12-Apr-23
BBCW10,AP143,27-Jan-23,0.9,,12-Apr-23
BBCW10,AP143,28-Jan-23,1.1,,12-Apr-23
BBCW10,AP143,29-Jan-23,1.3,,12-Apr-23
BBCW10,AP143,30-Jan-23,1,,12-Apr-23
BBCW10,AP143,31-Jan-23,1,,12-Apr-23
BBCW10,AP143,1-Feb-23,0.7,,12-Apr-23
BBCW10,AP143,2-Feb-23,0.7,,12-Apr-23
BBCW10,AP143,3-Feb-23,0.8,,12-Apr-23
BBCW10,AP143,4-Feb-23,2.8,,12-Apr-23
BBCW10,AP143,5-Feb-23,1.8,,12-Apr-23
BBCW10,AP143,6-Feb-23,1.2,,12-Apr-23
BBCW10,AP143,7-Feb-23,1.4,,12-Apr-23
BBCW10,AP143,8-Feb-23,1.5,,12-Apr-23
BBCW10,AP143,9-Feb-23,1.1,,12-Apr-23
BBCW10,AP143,10-Feb-23,0.8,,12-Apr-23
BBCW10,AP143,11-Feb-23,0.7,,12-Apr-23
BBCW10,AP143,12-Feb-23,0.6,,12-Apr-23
BBCW10,AP143,13-Feb-23,0.4,,12-Apr-23
BBCW10,AP143,14-Feb-23,0.2,,12-Apr-23
BBCW10,AP143,15-Feb-23,0.3,,12-Apr-23
BBCW10,AP143,16-Feb-23,0.3,,12-Apr-23
BBCW10,AP143,17-Feb-23,0.2,,12-Apr-23
BBCW10,AP143,18-Feb-23,0.5,,12-Apr-23
BBCW10,AP143,19-Feb-23,0.6,,12-Apr-23
BBCW10,AP143,20-Feb-23,0.4,,12-Apr-23
BBCW10,AP143,21-Feb-23,0.5,,12-Apr-23
BBCW10,AP143,22-Feb-23,0.5,,12-Apr-23
BBCW10,AP143,23-Feb-23,0.5,,3-Jun-23
BBCW10,AP143,24-Feb-23,0.8,,3-Jun-23
BBCW10,AP143,25-Feb-23,0.8,,3-Jun-23
BBCW10,AP143,26-Feb-23,0.7,,3-Jun-23
BBCW10,AP143,27-Feb-23,0.7,,3-Jun-23
BBCW10,AP143,28-Feb-23,0.7,,3-Jun-23
BBCW10,AP143,1-Mar-23,0.6,,3-Jun-23
BBCW10,AP143,2-Mar-23,0.6,,3-Jun-23
BBCW10,AP143,3-Mar-23,0.6,,3-Jun-23
BBCW10,AP143,4-Mar-23,0.6,,3-Jun-23
BBCW10,AP143,5-Mar-23,0.8,,3-Jun-23
BBCW10,AP143,6-Mar-23,0.6,,3-Jun-23
BBCW10,AP143,7-Mar-23,0.6,,3-Jun-23
BBCW10,AP143,8-Mar-23,0.6,,3-Jun-23
BBCW10,AP143,9-Mar-23,0.7,,3-Jun-23
BBCW10,AP143,10-Mar-23,0.6,,3-Jun-23
BBCW10,AP143,11-Mar-23,0.5,,3-Jun-23
BBCW10,AP143,12-Mar-23,0.5,,3-Jun-23
BBCW10,AP143,13-Mar-23,0.5,,3-Jun-23
BBCW10,AP143,14-Mar-23,0.4,,3-Jun-23
BBCW10,AP143,15-Mar-23,0.6,,3-Jun-23
BBCW10,AP143,16-Mar-23,0.6,,3-Jun-23
BBCW10,AP143,17-Mar-23,0.5,,3-Jun-23
BBCW10,AP143,18-Mar-23,0.4,,3-Jun-23
BBCW10,AP143,19-Mar-23,0.5,,3-Jun-23
BBCW10,AP143,20-Mar-23,0.5,,3-Jun-23
BBCW10,AP143,21-Mar-23,0.4,,3-Jun-23
BBCW10,AP143,22-Mar-23,0.6,,3-Jun-23
BBCW10,AP143,23-Mar-23,0.6,,3-Jun-23
BBCW10,AP143,24-Mar-23,0.4,,3-Jun-23
BBCW10,AP143,25-Mar-23,0.4,,3-Jun-23
BBCW10,AP143,26-Mar-23,0.4,,3-Jun-23
BBCW10,AP143,27-Mar-23,0.5,,3-Jun-23
BBCW10,AP143,28-Mar-23,0.7,,3-Jun-23
BBCW10,AP143,29-Mar-23,0.9,,3-Jun-23
BBCW10,AP143,30-Mar-23,1.2,,3-Jun-23
BBCW10,AP143,31-Mar-23,1.4,,3-Jun-23
BBCW10,AP143,1-Apr-23,1.1,,3-Jun-23
BBCW10,AP143,2-Apr-23,1,,3-Jun-23
BBCW10,AP143,3-Apr-23,1,,3-Jun-23
BBCW10,AP143,4-Apr-23,1,,3-Jun-23
BBCW10,AP143,5-Apr-23,1.3,,3-Jun-23
BBCW10,AP143,6-Apr-23,1.4,,3-Jun-23
BBCW10,AP143,7-Apr-23,1.2,,3-Jun-23
BBCW10,AP143,8-Apr-23,1.2,,3-Jun-23
BBCW10,AP143,9-Apr-23,1.1,,3-Jun-23
BBCW10,AP143,10-Apr-23,1.5,,3-Jun-23
BBCW10,AP143,11-Apr-23,4.9,,3-Jun-23
BBCW10,AP143,12-Apr-23,3.5,,3-Jun-23
BBCW10,AP143,13-Apr-23,1.7,,10-Jun-23
BBCW10,AP143,14-Apr-23,1.2,,10-Jun-23
BBCW10,AP143,15-Apr-23,0.9,,10-Jun-23
BBCW10,AP143,16-Apr-23,0.9,,10-Jun-23
BBCW10,AP143,17-Apr-23,1.2,,10-Jun-23
BBCW10,AP143,18-Apr-23,0.9,,10-Jun-23
BBCW10,AP143,19-Apr-23,1.1,,10-Jun-23
BBCW10,AP143,20-Apr-23,1.2,,10-Jun-23
BBCW10,AP143,21-Apr-23,1.1,,10-Jun-23
BBCW10,AP143,22-Apr-23,0.8,,10-Jun-23
BBCW10,AP143,23-Apr-23,0.7,,10-Jun-23
BBCW10,AP143,24-Apr-23,0.7,,10-Jun-23
BBCW10,AP143,25-Apr-23,0.8,,10-Jun-23
BBCW10,AP143,26-Apr-23,0.7,,10-Jun-23
BBCW10,AP143,27-Apr-23,0.7,,10-Jun-23
BBCW10,AP143,28-Apr-23,0.6,,10-Jun-23
BBCW10,AP143,29-Apr-23,0.5,,10-Jun-23
BBCW10,AP143,30-Apr-23,0.6,,10-Jun-23
BBCW10,AP143,1-May-23,0.4,,10-Jun-23
BBCW10,AP143,2-May-23,0.5,,10-Jun-23
BBCW10,AP143,3-May-23,0.5,,10-Jun-23
BBCW10,AP143,4-May-23,0.5,,10-Jun-23
BBCW10,AP143,5-May-23,1,,10-Jun-23
BBCW10,AP143,6-May-23,0.7,,10-Jun-23
BBCW10,AP143,7-May-23,1,,10-Jun-23
BBCW10,AP143,8-May-23,0.8,,10-Jun-23
BBCW10,AP143,9-May-23,0.7,,10-Jun-23
BBCW10,AP143,10-May-23,0.7,,10-Jun-23
BBCW10,AP143,11-May-23,0.7,,10-Jun-23
BBCW10,AP143,12-May-23,0.9,,10-Jun-23
BBCW10,AP143,13-May-23,0.9,,10-Jun-23
BBCW10,AP143,14-May-23,0.8,,10-Jun-23
BBCW10,AP143,15-May-23,0.8,,10-Jun-23
BBCW10,AP143,16-May-23,0.7,,10-Jun-23
BBCW10,AP143,17-May-23,0.5,,10-Jun-23
BBCW10,AP143,18-May-23,0.5,,10-Jun-23
BBCW10,AP143,19-May-23,0.7,,10-Jun-23
BBCW10,AP143,20-May-23,0.7,,10-Jun-23
BBCW10,AP143,21-May-23,0.7,,10-Jun-23
BBCW10,AP143,22-May-23,0.7,,10-Jun-23
BBCW10,AP143,23-May-23,0.9,P,2-Jun-23
BBCW10,AP143,24-May-23,1.8,P,2-Jun-23
BBCW10,AP143,25-May-23,1.9,P,26-May-23
BBCW10,AP143,26-May-23,1.8,P,27-May-23
BBCW10,AP143,27-May-23,1.6,P,28-May-23
BBCW10,AP143,28-May-23,1.7,P,29-May-23
BBCW10,AP143,29-May-23,1.8,P,30-May-23
BBCW10,AP143,30-May-23,1.6,P,31-May-23
BBCW10,AP143,31-May-23,1.8,P,1-Jun-23
BBCW10,AP143,1-Jun-23,1.5,P,2-Jun-23
BBCW10,AP143,2-Jun-23,1.4,P,3-Jun-23
BBCW10,AP143,3-Jun-23,1.5,P,4-Jun-23
BBCW10,AP143,4-Jun-23,1.5,P,5-Jun-23
BBCW10,AP143,5-Jun-23,1.4,P,6-Jun-23
BBCW10,AP143,6-Jun-23,1.6,P,7-Jun-23
BBCW10,AP143,7-Jun-23,1.6,P,8-Jun-23
BBCW10,AP143,8-Jun-23,1.4,P,9-Jun-23
BBCW10,AP143,9-Jun-23,1.5,P,10-Jun-23
BBCW10,AP143,10-Jun-23,1.3,P,11-Jun-23
BBCW10,AP143,11-Jun-23,1.3,P,12-Jun-23
BBCW10,AP143,12-Jun-23,1.4,P,13-Jun-23
BBCW10,AP143,13-Jun-23,1.3,P,14-Jun-23
BBCW10,AP143,14-Jun-23,1.2,P,15-Jun-23
BBCW10,AP143,15-Jun-23,1.3,P,16-Jun-23
BBCW10,AP143,16-Jun-23,1.5,P,17-Jun-23
BBCW10,AP143,17-Jun-23,1.6,P,18-Jun-23
BBCW10,AP143,18-Jun-23,1.7,P,6-Jul-23
BBCW10,AP143,19-Jun-23,1.8,P,20-Jun-23
BBCW10,AP143,20-Jun-23,1.6,P,21-Jun-23
BBCW10,AP143,21-Jun-23,1.6,P,22-Jun-23
BBCW10,AP143,22-Jun-23,1.8,P,23-Jun-23
BBCW10,AP143,23-Jun-23,1.7,P,24-Jun-23
BBCW10,AP143,24-Jun-23,1.8,P,25-Jun-23
BBCW10,AP143,25-Jun-23,2,P,26-Jun-23
BBCW10,AP143,26-Jun-23,2.2,P,27-Jun-23
BBCW10,AP143,27-Jun-23,2.4,P,28-Jun-23
BBCW10,AP143,28-Jun-23,2.8,P,29-Jun-23
BBCW10,AP143,29-Jun-23,3.3,P,30-Jun-23
BBCW10,AP143,30-Jun-23,2.3,P,4-Jul-23
BBCW10,AP143,1-Jul-23,1.4,P,2-Jul-23
BBCW10,AP143,2-Jul-23,1.4,P,3-Jul-23
BBCW10,AP143,3-Jul-23,1.3,P,4-Jul-23
BBCW10,AP143,4-Jul-23,1.4,P,5-Jul-23
BBCW10,AP143,5-Jul-23,1.5,P,6-Jul-23
BBCW10,AP143,6-Jul-23,1.5,P,11-Jul-23
BBCW10,AP143,7-Jul-23,1.4,P,9-Jul-23
BBCW10,AP143,8-Jul-23,1.4,P,9-Jul-23
BBCW10,AP143,9-Jul-23,1.3,P,10-Jul-23
BBCW10,AP143,10-Jul-23,1.2,P,11-Jul-23
 ,,,,,
