Station,DBKEY,Daily Date,Data Value,Qualifer,Revision Date
BBCW10,AP149,29-Sep-21,32324,,30-Nov-21
BBCW10,AP149,30-Sep-21,31993,,30-Nov-21
BBCW10,AP149,1-Oct-21,32135,,30-Nov-21
BBCW10,AP149,2-Oct-21,30150,,30-Nov-21
BBCW10,AP149,3-Oct-21,29548,,30-Nov-21
BBCW10,AP149,4-Oct-21,26835,,30-Nov-21
BBCW10,AP149,5-Oct-21,28253,,30-Nov-21
BBCW10,AP149,6-Oct-21,30050,,30-Nov-21
BBCW10,AP149,7-Oct-21,32704,,30-Nov-21
BBCW10,AP149,8-Oct-21,33245,,30-Nov-21
BBCW10,AP149,9-Oct-21,32866,,30-Nov-21
BBCW10,AP149,10-Oct-21,34936,,30-Nov-21
BBCW10,AP149,11-Oct-21,37912,,30-Nov-21
BBCW10,AP149,12-Oct-21,39124,,30-Nov-21
BBCW10,AP149,13-Oct-21,37068,,30-Nov-21
BBCW10,AP149,14-Oct-21,35090,,30-Nov-21
BBCW10,AP149,15-Oct-21,33675,,30-Nov-21
BBCW10,AP149,16-Oct-21,33334,,30-Nov-21
BBCW10,AP149,17-Oct-21,36283,,30-Nov-21
BBCW10,AP149,18-Oct-21,38112,,30-Nov-21
BBCW10,AP149,19-Oct-21,33577,,30-Nov-21
BBCW10,AP149,20-Oct-21,32172,,30-Nov-21
BBCW10,AP149,21-Oct-21,28723,,30-Nov-21
BBCW10,AP149,22-Oct-21,27109,,30-Nov-21
BBCW10,AP149,23-Oct-21,23775,,30-Nov-21
BBCW10,AP149,24-Oct-21,25793,,30-Nov-21
BBCW10,AP149,25-Oct-21,30906,,30-Nov-21
BBCW10,AP149,26-Oct-21,36611,,7-Jan-22
BBCW10,AP149,27-Oct-21,40121,,7-Jan-22
BBCW10,AP149,28-Oct-21,40091,,7-Jan-22
BBCW10,AP149,29-Oct-21,34336,,7-Jan-22
BBCW10,AP149,30-Oct-21,37735,,7-Jan-22
BBCW10,AP149,31-Oct-21,39636,,7-Jan-22
BBCW10,AP149,1-Nov-21,38986,,7-Jan-22
BBCW10,AP149,2-Nov-21,38279,,7-Jan-22
BBCW10,AP149,3-Nov-21,36123,,7-Jan-22
BBCW10,AP149,4-Nov-21,33584,,7-Jan-22
BBCW10,AP149,5-Nov-21,33895,,7-Jan-22
BBCW10,AP149,6-Nov-21,31618,,7-Jan-22
BBCW10,AP149,7-Nov-21,31774,,7-Jan-22
BBCW10,AP149,8-Nov-21,31949,,7-Jan-22
BBCW10,AP149,9-Nov-21,33379,,7-Jan-22
BBCW10,AP149,10-Nov-21,34171,,7-Jan-22
BBCW10,AP149,11-Nov-21,34522,,7-Jan-22
BBCW10,AP149,12-Nov-21,35218,,7-Jan-22
BBCW10,AP149,13-Nov-21,36336,,7-Jan-22
BBCW10,AP149,14-Nov-21,36926,,7-Jan-22
BBCW10,AP149,15-Nov-21,38921,,7-Jan-22
BBCW10,AP149,16-Nov-21,37320,,7-Jan-22
BBCW10,AP149,17-Nov-21,34505,,7-Jan-22
BBCW10,AP149,18-Nov-21,28826,,7-Jan-22
BBCW10,AP149,19-Nov-21,28437,,7-Jan-22
BBCW10,AP149,20-Nov-21,31536,,7-Jan-22
BBCW10,AP149,21-Nov-21,22858,,1-Mar-22
BBCW10,AP149,22-Nov-21,29497,,1-Mar-22
BBCW10,AP149,23-Nov-21,32200,,1-Mar-22
BBCW10,AP149,24-Nov-21,32752,,1-Mar-22
BBCW10,AP149,25-Nov-21,30328,,1-Mar-22
BBCW10,AP149,26-Nov-21,31221,,1-Mar-22
BBCW10,AP149,27-Nov-21,34463,,1-Mar-22
BBCW10,AP149,28-Nov-21,36261,,1-Mar-22
BBCW10,AP149,29-Nov-21,36726,,1-Mar-22
BBCW10,AP149,30-Nov-21,35924,,1-Mar-22
BBCW10,AP149,1-Dec-21,32848,,1-Mar-22
BBCW10,AP149,2-Dec-21,34873,,1-Mar-22
BBCW10,AP149,3-Dec-21,34776,,1-Mar-22
BBCW10,AP149,4-Dec-21,33820,,1-Mar-22
BBCW10,AP149,5-Dec-21,32489,,1-Mar-22
BBCW10,AP149,6-Dec-21,32228,,1-Mar-22
BBCW10,AP149,7-Dec-21,33335,,1-Mar-22
BBCW10,AP149,8-Dec-21,33472,,1-Mar-22
BBCW10,AP149,9-Dec-21,32513,,1-Mar-22
BBCW10,AP149,10-Dec-21,31415,,1-Mar-22
BBCW10,AP149,11-Dec-21,32087,,1-Mar-22
BBCW10,AP149,12-Dec-21,27994,,1-Mar-22
BBCW10,AP149,13-Dec-21,27428,,1-Mar-22
BBCW10,AP149,14-Dec-21,25554,,1-Mar-22
BBCW10,AP149,15-Dec-21,26301,,1-Mar-22
BBCW10,AP149,16-Dec-21,23460,,1-Mar-22
BBCW10,AP149,17-Dec-21,22231,,1-Mar-22
BBCW10,AP149,18-Dec-21,25131,,1-Mar-22
BBCW10,AP149,19-Dec-21,28522,,1-Mar-22
BBCW10,AP149,20-Dec-21,30576,,1-Mar-22
BBCW10,AP149,21-Dec-21,29258,,1-Mar-22
BBCW10,AP149,22-Dec-21,32425,,1-Mar-22
BBCW10,AP149,23-Dec-21,33358,,1-Mar-22
BBCW10,AP149,24-Dec-21,32241,,1-Mar-22
BBCW10,AP149,25-Dec-21,31405,,1-Mar-22
BBCW10,AP149,26-Dec-21,31051,,1-Mar-22
BBCW10,AP149,27-Dec-21,33607,,1-Mar-22
BBCW10,AP149,28-Dec-21,35034,,1-Mar-22
BBCW10,AP149,29-Dec-21,34260,,1-Mar-22
BBCW10,AP149,30-Dec-21,35637,,1-Mar-22
BBCW10,AP149,31-Dec-21,33950,,1-Mar-22
BBCW10,AP149,1-Jan-22,36387,,1-Mar-22
BBCW10,AP149,2-Jan-22,37630,,1-Mar-22
BBCW10,AP149,3-Jan-22,36281,,1-Mar-22
BBCW10,AP149,4-Jan-22,37078,,1-Mar-22
BBCW10,AP149,5-Jan-22,36299,,1-Mar-22
BBCW10,AP149,6-Jan-22,36311,,1-Mar-22
BBCW10,AP149,7-Jan-22,36743,,1-Mar-22
BBCW10,AP149,8-Jan-22,31201,,1-Mar-22
BBCW10,AP149,9-Jan-22,26480,,1-Mar-22
BBCW10,AP149,10-Jan-22,27727,,1-Mar-22
BBCW10,AP149,11-Jan-22,30936,,1-Mar-22
BBCW10,AP149,12-Jan-22,32378,,1-Mar-22
BBCW10,AP149,13-Jan-22,32149,,1-Mar-22
BBCW10,AP149,14-Jan-22,36061,,1-Mar-22
BBCW10,AP149,15-Jan-22,36589,,1-Mar-22
BBCW10,AP149,16-Jan-22,34992,,1-Mar-22
BBCW10,AP149,17-Jan-22,33603,,1-Mar-22
BBCW10,AP149,18-Jan-22,33650,,20-May-22
BBCW10,AP149,19-Jan-22,33051,,20-May-22
BBCW10,AP149,20-Jan-22,31624,,20-May-22
BBCW10,AP149,21-Jan-22,30430,,20-May-22
BBCW10,AP149,22-Jan-22,32826,,20-May-22
BBCW10,AP149,23-Jan-22,33214,,20-May-22
BBCW10,AP149,24-Jan-22,33500,,20-May-22
BBCW10,AP149,25-Jan-22,32074,,20-May-22
BBCW10,AP149,26-Jan-22,32139,,20-May-22
BBCW10,AP149,27-Jan-22,32613,,20-May-22
BBCW10,AP149,28-Jan-22,36499,,20-May-22
BBCW10,AP149,29-Jan-22,38937,,20-May-22
BBCW10,AP149,30-Jan-22,35841,,20-May-22
BBCW10,AP149,31-Jan-22,36243,,20-May-22
BBCW10,AP149,1-Feb-22,33602,,20-May-22
BBCW10,AP149,2-Feb-22,33006,,20-May-22
BBCW10,AP149,3-Feb-22,32793,,20-May-22
BBCW10,AP149,4-Feb-22,31368,,20-May-22
BBCW10,AP149,5-Feb-22,31928,,20-May-22
BBCW10,AP149,6-Feb-22,33651,,20-May-22
BBCW10,AP149,7-Feb-22,33760,,20-May-22
BBCW10,AP149,8-Feb-22,35139,,20-May-22
BBCW10,AP149,9-Feb-22,36480,,20-May-22
BBCW10,AP149,10-Feb-22,37850,,20-May-22
BBCW10,AP149,11-Feb-22,35023,,20-May-22
BBCW10,AP149,12-Feb-22,34246,,20-May-22
BBCW10,AP149,13-Feb-22,32257,,20-May-22
BBCW10,AP149,14-Feb-22,35510,,20-May-22
BBCW10,AP149,15-Feb-22,35460,,20-May-22
BBCW10,AP149,16-Feb-22,33045,,20-May-22
BBCW10,AP149,17-Feb-22,32077,,20-May-22
BBCW10,AP149,18-Feb-22,31063,,20-May-22
BBCW10,AP149,19-Feb-22,33987,,20-May-22
BBCW10,AP149,20-Feb-22,35830,,20-May-22
BBCW10,AP149,21-Feb-22,29210,,20-May-22
BBCW10,AP149,22-Feb-22,26799,,20-May-22
BBCW10,AP149,23-Feb-22,25171,,20-May-22
BBCW10,AP149,24-Feb-22,25001,,20-May-22
BBCW10,AP149,25-Feb-22,23009,,20-May-22
BBCW10,AP149,26-Feb-22,22751,,20-May-22
BBCW10,AP149,27-Feb-22,27319,,20-May-22
BBCW10,AP149,28-Feb-22,34806,,20-May-22
BBCW10,AP149,1-Mar-22,37209,,20-May-22
BBCW10,AP149,2-Mar-22,37243,,20-May-22
BBCW10,AP149,3-Mar-22,35628,,20-May-22
BBCW10,AP149,4-Mar-22,35726,,20-May-22
BBCW10,AP149,5-Mar-22,33466,,20-May-22
BBCW10,AP149,6-Mar-22,30699,,20-May-22
BBCW10,AP149,7-Mar-22,32865,,20-May-22
BBCW10,AP149,8-Mar-22,36242,,20-May-22
BBCW10,AP149,9-Mar-22,40988,,20-May-22
BBCW10,AP149,10-Mar-22,43608,,20-May-22
BBCW10,AP149,11-Mar-22,45571,,20-May-22
BBCW10,AP149,12-Mar-22,46599,,20-May-22
BBCW10,AP149,13-Mar-22,45378,,20-May-22
BBCW10,AP149,14-Mar-22,38528,,20-May-22
BBCW10,AP149,15-Mar-22,36616,,20-May-22
BBCW10,AP149,16-Mar-22,38177,,20-May-22
BBCW10,AP149,17-Mar-22,41051,,20-May-22
BBCW10,AP149,18-Mar-22,42430,,20-May-22
BBCW10,AP149,19-Mar-22,43978,,20-May-22
BBCW10,AP149,20-Mar-22,41610,,20-May-22
BBCW10,AP149,21-Mar-22,37858,,20-May-22
BBCW10,AP149,22-Mar-22,33749,,20-May-22
BBCW10,AP149,23-Mar-22,36814,,20-May-22
BBCW10,AP149,24-Mar-22,40015,,20-May-22
BBCW10,AP149,25-Mar-22,40490,,20-May-22
BBCW10,AP149,26-Mar-22,41652,,20-May-22
BBCW10,AP149,27-Mar-22,42827,,20-May-22
BBCW10,AP149,28-Mar-22,41967,,20-May-22
BBCW10,AP149,29-Mar-22,41767,,9-Jul-22
BBCW10,AP149,30-Mar-22,44272,,9-Jul-22
BBCW10,AP149,31-Mar-22,47294,,9-Jul-22
BBCW10,AP149,1-Apr-22,48897,,9-Jul-22
BBCW10,AP149,2-Apr-22,49763,,9-Jul-22
BBCW10,AP149,3-Apr-22,48161,,9-Jul-22
BBCW10,AP149,4-Apr-22,46417,,9-Jul-22
BBCW10,AP149,5-Apr-22,50425,,9-Jul-22
BBCW10,AP149,6-Apr-22,51945,,9-Jul-22
BBCW10,AP149,7-Apr-22,51659,,9-Jul-22
BBCW10,AP149,8-Apr-22,50687,,9-Jul-22
BBCW10,AP149,9-Apr-22,48043,,9-Jul-22
BBCW10,AP149,10-Apr-22,51617,,9-Jul-22
BBCW10,AP149,11-Apr-22,50883,,9-Jul-22
BBCW10,AP149,12-Apr-22,49663,,9-Jul-22
BBCW10,AP149,13-Apr-22,49954,,9-Jul-22
BBCW10,AP149,14-Apr-22,50971,,9-Jul-22
BBCW10,AP149,15-Apr-22,51763,,9-Jul-22
BBCW10,AP149,16-Apr-22,52027,,9-Jul-22
BBCW10,AP149,17-Apr-22,50708,,9-Jul-22
BBCW10,AP149,18-Apr-22,50356,,9-Jul-22
BBCW10,AP149,19-Apr-22,49827,,9-Jul-22
BBCW10,AP149,20-Apr-22,47069,,9-Jul-22
BBCW10,AP149,21-Apr-22,44645,,9-Jul-22
BBCW10,AP149,22-Apr-22,47980,,9-Jul-22
BBCW10,AP149,23-Apr-22,47867,,9-Jul-22
BBCW10,AP149,24-Apr-22,46054,,9-Jul-22
BBCW10,AP149,25-Apr-22,42090,,9-Jul-22
BBCW10,AP149,26-Apr-22,39803,,16-Jul-22
BBCW10,AP149,27-Apr-22,42868,,16-Jul-22
BBCW10,AP149,28-Apr-22,49068,,16-Jul-22
BBCW10,AP149,29-Apr-22,49142,,16-Jul-22
BBCW10,AP149,30-Apr-22,49097,,16-Jul-22
BBCW10,AP149,1-May-22,48958,,16-Jul-22
BBCW10,AP149,2-May-22,49176,,16-Jul-22
BBCW10,AP149,3-May-22,49549,,16-Jul-22
BBCW10,AP149,4-May-22,50934,,16-Jul-22
BBCW10,AP149,5-May-22,50483,,16-Jul-22
BBCW10,AP149,6-May-22,52411,,16-Jul-22
BBCW10,AP149,7-May-22,52851,,16-Jul-22
BBCW10,AP149,8-May-22,54183,,16-Jul-22
BBCW10,AP149,9-May-22,53850,,16-Jul-22
BBCW10,AP149,10-May-22,49693,,16-Jul-22
BBCW10,AP149,11-May-22,47559,,16-Jul-22
BBCW10,AP149,12-May-22,48288,,16-Jul-22
BBCW10,AP149,13-May-22,49730,,16-Jul-22
BBCW10,AP149,14-May-22,50095,,16-Jul-22
BBCW10,AP149,15-May-22,50140,,16-Jul-22
BBCW10,AP149,16-May-22,48276,,16-Jul-22
BBCW10,AP149,17-May-22,47305,,16-Jul-22
BBCW10,AP149,18-May-22,47620,,16-Jul-22
BBCW10,AP149,19-May-22,47945,,16-Jul-22
BBCW10,AP149,20-May-22,49682,,16-Jul-22
BBCW10,AP149,21-May-22,51398,,16-Jul-22
BBCW10,AP149,22-May-22,52814,,16-Jul-22
BBCW10,AP149,23-May-22,52549,,16-Jul-22
BBCW10,AP149,24-May-22,53288,,16-Jul-22
BBCW10,AP149,25-May-22,54772,,16-Jul-22
BBCW10,AP149,26-May-22,55585,,17-Sep-22
BBCW10,AP149,27-May-22,57691,,17-Sep-22
BBCW10,AP149,28-May-22,57990,,17-Sep-22
BBCW10,AP149,29-May-22,56846,,17-Sep-22
BBCW10,AP149,30-May-22,50207,,17-Sep-22
BBCW10,AP149,31-May-22,40683,,17-Sep-22
BBCW10,AP149,1-Jun-22,48177,,17-Sep-22
BBCW10,AP149,2-Jun-22,45792,,17-Sep-22
BBCW10,AP149,3-Jun-22,42032,,17-Sep-22
BBCW10,AP149,4-Jun-22,17201,,17-Sep-22
BBCW10,AP149,5-Jun-22,20693,,17-Sep-22
BBCW10,AP149,6-Jun-22,23344,,17-Sep-22
BBCW10,AP149,7-Jun-22,15317,,17-Sep-22
BBCW10,AP149,8-Jun-22,17130,,17-Sep-22
BBCW10,AP149,9-Jun-22,23499,,17-Sep-22
BBCW10,AP149,10-Jun-22,21468,,17-Sep-22
BBCW10,AP149,11-Jun-22,20625,,17-Sep-22
BBCW10,AP149,12-Jun-22,21334,,17-Sep-22
BBCW10,AP149,13-Jun-22,20153,,17-Sep-22
BBCW10,AP149,14-Jun-22,20258,,17-Sep-22
BBCW10,AP149,15-Jun-22,19632,,17-Sep-22
BBCW10,AP149,16-Jun-22,20504,,17-Sep-22
BBCW10,AP149,17-Jun-22,25191,,17-Sep-22
BBCW10,AP149,18-Jun-22,25197,,17-Sep-22
BBCW10,AP149,19-Jun-22,29365,,17-Sep-22
BBCW10,AP149,20-Jun-22,33957,,17-Sep-22
BBCW10,AP149,21-Jun-22,31509,,17-Sep-22
BBCW10,AP149,22-Jun-22,27361,,17-Sep-22
BBCW10,AP149,23-Jun-22,25861,,17-Sep-22
BBCW10,AP149,24-Jun-22,30910,,17-Sep-22
BBCW10,AP149,25-Jun-22,33955,,17-Sep-22
BBCW10,AP149,26-Jun-22,32980,,17-Sep-22
BBCW10,AP149,27-Jun-22,33456,,17-Sep-22
BBCW10,AP149,28-Jun-22,34769,,17-Sep-22
BBCW10,AP149,29-Jun-22,33624,,22-Nov-22
BBCW10,AP149,30-Jun-22,34568,,22-Nov-22
BBCW10,AP149,1-Jul-22,35472,,22-Nov-22
BBCW10,AP149,2-Jul-22,37783,,22-Nov-22
BBCW10,AP149,3-Jul-22,38484,,22-Nov-22
BBCW10,AP149,4-Jul-22,36915,,22-Nov-22
BBCW10,AP149,5-Jul-22,33045,,22-Nov-22
BBCW10,AP149,6-Jul-22,40085,,22-Nov-22
BBCW10,AP149,7-Jul-22,41736,,22-Nov-22
BBCW10,AP149,8-Jul-22,43925,,22-Nov-22
BBCW10,AP149,9-Jul-22,46664,,22-Nov-22
BBCW10,AP149,10-Jul-22,46928,,22-Nov-22
BBCW10,AP149,11-Jul-22,48209,,22-Nov-22
BBCW10,AP149,12-Jul-22,49324,,22-Nov-22
BBCW10,AP149,13-Jul-22,49637,,22-Nov-22
BBCW10,AP149,14-Jul-22,49963,,22-Nov-22
BBCW10,AP149,15-Jul-22,49015,,22-Nov-22
BBCW10,AP149,16-Jul-22,49566,,22-Nov-22
BBCW10,AP149,17-Jul-22,51435,,22-Nov-22
BBCW10,AP149,18-Jul-22,52105,,22-Nov-22
BBCW10,AP149,19-Jul-22,52352,,22-Nov-22
BBCW10,AP149,20-Jul-22,52400,,22-Nov-22
BBCW10,AP149,21-Jul-22,52675,,22-Nov-22
BBCW10,AP149,22-Jul-22,52969,,22-Nov-22
BBCW10,AP149,23-Jul-22,52656,,22-Nov-22
BBCW10,AP149,24-Jul-22,52418,,22-Nov-22
BBCW10,AP149,25-Jul-22,52380,,22-Nov-22
BBCW10,AP149,26-Jul-22,49164,,22-Nov-22
BBCW10,AP149,27-Jul-22,47018,,22-Nov-22
BBCW10,AP149,28-Jul-22,39061,,22-Nov-22
BBCW10,AP149,29-Jul-22,38623,,22-Nov-22
BBCW10,AP149,30-Jul-22,37316,,22-Nov-22
BBCW10,AP149,31-Jul-22,35566,,22-Nov-22
BBCW10,AP149,1-Aug-22,42029,,22-Nov-22
BBCW10,AP149,2-Aug-22,44051,,22-Nov-22
BBCW10,AP149,3-Aug-22,44399,,22-Nov-22
BBCW10,AP149,4-Aug-22,46644,,22-Nov-22
BBCW10,AP149,5-Aug-22,46548,,22-Nov-22
BBCW10,AP149,6-Aug-22,47079,,22-Nov-22
BBCW10,AP149,7-Aug-22,42563,,22-Nov-22
BBCW10,AP149,8-Aug-22,43433,,22-Nov-22
BBCW10,AP149,9-Aug-22,47626,,22-Nov-22
BBCW10,AP149,10-Aug-22,52401,,22-Nov-22
BBCW10,AP149,11-Aug-22,51427,,22-Nov-22
BBCW10,AP149,12-Aug-22,52924,,22-Nov-22
BBCW10,AP149,13-Aug-22,54621,,22-Nov-22
BBCW10,AP149,14-Aug-22,52361,,22-Nov-22
BBCW10,AP149,15-Aug-22,53971,,22-Nov-22
BBCW10,AP149,16-Aug-22,52980,,22-Nov-22
BBCW10,AP149,17-Aug-22,53129,,22-Nov-22
BBCW10,AP149,18-Aug-22,53750,,22-Nov-22
BBCW10,AP149,19-Aug-22,52418,,22-Nov-22
BBCW10,AP149,20-Aug-22,50833,,22-Nov-22
BBCW10,AP149,21-Aug-22,46976,,22-Nov-22
BBCW10,AP149,22-Aug-22,48605,,22-Nov-22
BBCW10,AP149,23-Aug-22,51636,,22-Nov-22
BBCW10,AP149,24-Aug-22,52999,,22-Nov-22
BBCW10,AP149,25-Aug-22,55810,,22-Nov-22
BBCW10,AP149,26-Aug-22,56154,,22-Nov-22
BBCW10,AP149,27-Aug-22,55090,,22-Nov-22
BBCW10,AP149,28-Aug-22,54207,,22-Nov-22
BBCW10,AP149,29-Aug-22,51565,,22-Nov-22
BBCW10,AP149,30-Aug-22,53427,,22-Nov-22
BBCW10,AP149,31-Aug-22,49742,,19-Feb-23
BBCW10,AP149,1-Sep-22,52102,,19-Feb-23
BBCW10,AP149,2-Sep-22,49258,,19-Feb-23
BBCW10,AP149,3-Sep-22,49078,,19-Feb-23
BBCW10,AP149,4-Sep-22,47633,,19-Feb-23
BBCW10,AP149,5-Sep-22,48685,,19-Feb-23
BBCW10,AP149,6-Sep-22,50726,,19-Feb-23
BBCW10,AP149,7-Sep-22,51771,,19-Feb-23
BBCW10,AP149,8-Sep-22,52149,,19-Feb-23
BBCW10,AP149,9-Sep-22,52050,,19-Feb-23
BBCW10,AP149,10-Sep-22,53763,,19-Feb-23
BBCW10,AP149,11-Sep-22,54033,,19-Feb-23
BBCW10,AP149,12-Sep-22,52449,,19-Feb-23
BBCW10,AP149,13-Sep-22,53163,,19-Feb-23
BBCW10,AP149,14-Sep-22,52574,,19-Feb-23
BBCW10,AP149,15-Sep-22,50909,,19-Feb-23
BBCW10,AP149,16-Sep-22,47796,,19-Feb-23
BBCW10,AP149,17-Sep-22,45543,,19-Feb-23
BBCW10,AP149,18-Sep-22,43181,,19-Feb-23
BBCW10,AP149,19-Sep-22,46208,,19-Feb-23
BBCW10,AP149,20-Sep-22,43937,,19-Feb-23
BBCW10,AP149,21-Sep-22,44423,,19-Feb-23
BBCW10,AP149,22-Sep-22,43365,,19-Feb-23
BBCW10,AP149,23-Sep-22,43371,,19-Feb-23
BBCW10,AP149,24-Sep-22,40422,,19-Feb-23
BBCW10,AP149,25-Sep-22,39177,,19-Feb-23
BBCW10,AP149,26-Sep-22,40157,,19-Feb-23
BBCW10,AP149,27-Sep-22,34927,,19-Feb-23
BBCW10,AP149,28-Sep-22,25663,,19-Feb-23
BBCW10,AP149,29-Sep-22,31859,,19-Feb-23
BBCW10,AP149,30-Sep-22,31723,,19-Feb-23
BBCW10,AP149,1-Oct-22,37641,,19-Feb-23
BBCW10,AP149,2-Oct-22,37762,,19-Feb-23
BBCW10,AP149,3-Oct-22,39749,,19-Feb-23
BBCW10,AP149,4-Oct-22,37152,,19-Feb-23
BBCW10,AP149,5-Oct-22,36720,,19-Feb-23
BBCW10,AP149,6-Oct-22,34870,,19-Feb-23
BBCW10,AP149,7-Oct-22,33353,,19-Feb-23
BBCW10,AP149,8-Oct-22,31989,,19-Feb-23
BBCW10,AP149,9-Oct-22,31977,,19-Feb-23
BBCW10,AP149,10-Oct-22,31669,,19-Feb-23
BBCW10,AP149,11-Oct-22,29719,,19-Feb-23
BBCW10,AP149,12-Oct-22,29119,,19-Feb-23
BBCW10,AP149,13-Oct-22,31990,,19-Feb-23
BBCW10,AP149,14-Oct-22,33465,,19-Feb-23
BBCW10,AP149,15-Oct-22,32998,,19-Feb-23
BBCW10,AP149,16-Oct-22,30201,,19-Feb-23
BBCW10,AP149,17-Oct-22,30563,,19-Feb-23
BBCW10,AP149,18-Oct-22,39323,,19-Feb-23
BBCW10,AP149,19-Oct-22,43163,,19-Feb-23
BBCW10,AP149,20-Oct-22,41967,,19-Feb-23
BBCW10,AP149,21-Oct-22,41338,,19-Feb-23
BBCW10,AP149,22-Oct-22,39315,,19-Feb-23
BBCW10,AP149,23-Oct-22,37461,,19-Feb-23
BBCW10,AP149,24-Oct-22,36002,,19-Feb-23
BBCW10,AP149,25-Oct-22,35122,,19-Feb-23
BBCW10,AP149,26-Oct-22,35906,,19-Feb-23
BBCW10,AP149,27-Oct-22,38231,,19-Feb-23
BBCW10,AP149,28-Oct-22,36857,,19-Feb-23
BBCW10,AP149,29-Oct-22,34270,,19-Feb-23
BBCW10,AP149,30-Oct-22,31582,,19-Feb-23
BBCW10,AP149,31-Oct-22,32616,,19-Feb-23
BBCW10,AP149,1-Nov-22,31958,,19-Feb-23
BBCW10,AP149,2-Nov-22,31962,,19-Feb-23
BBCW10,AP149,3-Nov-22,31757,,19-Feb-23
BBCW10,AP149,4-Nov-22,32512,,19-Feb-23
BBCW10,AP149,5-Nov-22,32039,,19-Feb-23
BBCW10,AP149,6-Nov-22,32298,,19-Feb-23
BBCW10,AP149,7-Nov-22,36202,,19-Feb-23
BBCW10,AP149,8-Nov-22,37807,,19-Feb-23
BBCW10,AP149,9-Nov-22,40766,,19-Feb-23
BBCW10,AP149,10-Nov-22,40078,,19-Feb-23
BBCW10,AP149,11-Nov-22,41769,,19-Feb-23
BBCW10,AP149,12-Nov-22,42028,,19-Feb-23
BBCW10,AP149,13-Nov-22,41338,,19-Feb-23
BBCW10,AP149,14-Nov-22,40796,,19-Feb-23
BBCW10,AP149,15-Nov-22,39456,,19-Feb-23
BBCW10,AP149,16-Nov-22,40024,,19-Feb-23
BBCW10,AP149,17-Nov-22,39495,,19-Feb-23
BBCW10,AP149,18-Nov-22,40064,,19-Feb-23
BBCW10,AP149,19-Nov-22,37472,,19-Feb-23
BBCW10,AP149,20-Nov-22,36958,,19-Feb-23
BBCW10,AP149,21-Nov-22,32283,,19-Feb-23
BBCW10,AP149,22-Nov-22,30539,,19-Feb-23
BBCW10,AP149,23-Nov-22,30898,,19-Feb-23
BBCW10,AP149,24-Nov-22,29158,,19-Feb-23
BBCW10,AP149,25-Nov-22,28151,,19-Feb-23
BBCW10,AP149,26-Nov-22,31756,,19-Feb-23
BBCW10,AP149,27-Nov-22,31822,,19-Feb-23
BBCW10,AP149,28-Nov-22,34336,,19-Feb-23
BBCW10,AP149,29-Nov-22,30252,,19-Feb-23
BBCW10,AP149,30-Nov-22,26138,,19-Feb-23
BBCW10,AP149,1-Dec-22,29880,,19-Feb-23
BBCW10,AP149,2-Dec-22,29503,,19-Feb-23
BBCW10,AP149,3-Dec-22,24065,,19-Feb-23
BBCW10,AP149,4-Dec-22,22123,,19-Feb-23
BBCW10,AP149,5-Dec-22,27021,,12-Apr-23
BBCW10,AP149,6-Dec-22,27295,,12-Apr-23
BBCW10,AP149,7-Dec-22,25744,,12-Apr-23
BBCW10,AP149,8-Dec-22,24607,,12-Apr-23
BBCW10,AP149,9-Dec-22,26454,,12-Apr-23
BBCW10,AP149,10-Dec-22,29751,,12-Apr-23
BBCW10,AP149,11-Dec-22,31867,,12-Apr-23
BBCW10,AP149,12-Dec-22,34634,,12-Apr-23
BBCW10,AP149,13-Dec-22,35257,,12-Apr-23
BBCW10,AP149,14-Dec-22,36245,,12-Apr-23
BBCW10,AP149,15-Dec-22,35583,,12-Apr-23
BBCW10,AP149,16-Dec-22,35928,,12-Apr-23
BBCW10,AP149,17-Dec-22,34144,,12-Apr-23
BBCW10,AP149,18-Dec-22,34044,,12-Apr-23
BBCW10,AP149,19-Dec-22,35393,,12-Apr-23
BBCW10,AP149,20-Dec-22,32142,,12-Apr-23
BBCW10,AP149,21-Dec-22,31042,,12-Apr-23
BBCW10,AP149,22-Dec-22,32994,,12-Apr-23
BBCW10,AP149,23-Dec-22,36270,,12-Apr-23
BBCW10,AP149,24-Dec-22,35954,,12-Apr-23
BBCW10,AP149,25-Dec-22,32888,,12-Apr-23
BBCW10,AP149,26-Dec-22,31452,,12-Apr-23
BBCW10,AP149,27-Dec-22,33748,,12-Apr-23
BBCW10,AP149,28-Dec-22,33351,,12-Apr-23
BBCW10,AP149,29-Dec-22,32685,,12-Apr-23
BBCW10,AP149,30-Dec-22,31503,,12-Apr-23
BBCW10,AP149,31-Dec-22,33931,,12-Apr-23
BBCW10,AP149,1-Jan-23,33851,,12-Apr-23
BBCW10,AP149,2-Jan-23,30882,,12-Apr-23
BBCW10,AP149,3-Jan-23,32041,,12-Apr-23
BBCW10,AP149,4-Jan-23,34955,,12-Apr-23
BBCW10,AP149,5-Jan-23,35521,,12-Apr-23
BBCW10,AP149,6-Jan-23,35354,,12-Apr-23
BBCW10,AP149,7-Jan-23,35069,,12-Apr-23
BBCW10,AP149,8-Jan-23,28953,,12-Apr-23
BBCW10,AP149,9-Jan-23,32665,,12-Apr-23
BBCW10,AP149,10-Jan-23,31967,,12-Apr-23
BBCW10,AP149,11-Jan-23,33770,,12-Apr-23
BBCW10,AP149,12-Jan-23,35497,,12-Apr-23
BBCW10,AP149,13-Jan-23,34748,,12-Apr-23
BBCW10,AP149,14-Jan-23,36200,,12-Apr-23
BBCW10,AP149,15-Jan-23,36267,,12-Apr-23
BBCW10,AP149,16-Jan-23,37677,,12-Apr-23
BBCW10,AP149,17-Jan-23,37501,,12-Apr-23
BBCW10,AP149,18-Jan-23,36964,,12-Apr-23
BBCW10,AP149,19-Jan-23,37872,,12-Apr-23
BBCW10,AP149,20-Jan-23,37738,,12-Apr-23
BBCW10,AP149,21-Jan-23,38772,,12-Apr-23
BBCW10,AP149,22-Jan-23,39615,,12-Apr-23
BBCW10,AP149,23-Jan-23,38577,,12-Apr-23
BBCW10,AP149,24-Jan-23,39515,,12-Apr-23
BBCW10,AP149,25-Jan-23,39143,,12-Apr-23
BBCW10,AP149,26-Jan-23,39451,,12-Apr-23
BBCW10,AP149,27-Jan-23,39829,,12-Apr-23
BBCW10,AP149,28-Jan-23,37681,,12-Apr-23
BBCW10,AP149,29-Jan-23,33850,,12-Apr-23
BBCW10,AP149,30-Jan-23,33125,,12-Apr-23
BBCW10,AP149,31-Jan-23,35135,,12-Apr-23
BBCW10,AP149,1-Feb-23,38840,,12-Apr-23
BBCW10,AP149,2-Feb-23,40349,,12-Apr-23
BBCW10,AP149,3-Feb-23,38450,,12-Apr-23
BBCW10,AP149,4-Feb-23,38322,,12-Apr-23
BBCW10,AP149,5-Feb-23,30913,,12-Apr-23
BBCW10,AP149,6-Feb-23,28357,,12-Apr-23
BBCW10,AP149,7-Feb-23,20646,,12-Apr-23
BBCW10,AP149,8-Feb-23,15875,,12-Apr-23
BBCW10,AP149,9-Feb-23,22602,,12-Apr-23
BBCW10,AP149,10-Feb-23,27424,,12-Apr-23
BBCW10,AP149,11-Feb-23,30100,,12-Apr-23
BBCW10,AP149,12-Feb-23,30227,,12-Apr-23
BBCW10,AP149,13-Feb-23,32270,,12-Apr-23
BBCW10,AP149,14-Feb-23,34816,,12-Apr-23
BBCW10,AP149,15-Feb-23,33769,,12-Apr-23
BBCW10,AP149,16-Feb-23,35565,,12-Apr-23
BBCW10,AP149,17-Feb-23,36685,,12-Apr-23
BBCW10,AP149,18-Feb-23,35995,,12-Apr-23
BBCW10,AP149,19-Feb-23,32348,,12-Apr-23
BBCW10,AP149,20-Feb-23,34068,,12-Apr-23
BBCW10,AP149,21-Feb-23,35831,,12-Apr-23
BBCW10,AP149,22-Feb-23,38440,,12-Apr-23
BBCW10,AP149,23-Feb-23,39686,,3-Jun-23
BBCW10,AP149,24-Feb-23,35602,,3-Jun-23
BBCW10,AP149,25-Feb-23,29801,,3-Jun-23
BBCW10,AP149,26-Feb-23,34261,,3-Jun-23
BBCW10,AP149,27-Feb-23,36962,,3-Jun-23
BBCW10,AP149,28-Feb-23,38650,,3-Jun-23
BBCW10,AP149,1-Mar-23,39876,,3-Jun-23
BBCW10,AP149,2-Mar-23,45154,,3-Jun-23
BBCW10,AP149,3-Mar-23,47870,,3-Jun-23
BBCW10,AP149,4-Mar-23,47928,,3-Jun-23
BBCW10,AP149,5-Mar-23,48437,,3-Jun-23
BBCW10,AP149,6-Mar-23,47399,,3-Jun-23
BBCW10,AP149,7-Mar-23,46695,,3-Jun-23
BBCW10,AP149,8-Mar-23,46417,,3-Jun-23
BBCW10,AP149,9-Mar-23,45046,,3-Jun-23
BBCW10,AP149,10-Mar-23,44312,,3-Jun-23
BBCW10,AP149,11-Mar-23,45603,,3-Jun-23
BBCW10,AP149,12-Mar-23,46885,,3-Jun-23
BBCW10,AP149,13-Mar-23,47208,,3-Jun-23
BBCW10,AP149,14-Mar-23,48652,,3-Jun-23
BBCW10,AP149,15-Mar-23,46816,,3-Jun-23
BBCW10,AP149,16-Mar-23,45070,,3-Jun-23
BBCW10,AP149,17-Mar-23,45671,,3-Jun-23
BBCW10,AP149,18-Mar-23,46266,,3-Jun-23
BBCW10,AP149,19-Mar-23,47139,,3-Jun-23
BBCW10,AP149,20-Mar-23,45530,,3-Jun-23
BBCW10,AP149,21-Mar-23,43846,,3-Jun-23
BBCW10,AP149,22-Mar-23,42201,,3-Jun-23
BBCW10,AP149,23-Mar-23,39315,,3-Jun-23
BBCW10,AP149,24-Mar-23,42633,,3-Jun-23
BBCW10,AP149,25-Mar-23,45477,,3-Jun-23
BBCW10,AP149,26-Mar-23,47422,,3-Jun-23
BBCW10,AP149,27-Mar-23,50006,,3-Jun-23
BBCW10,AP149,28-Mar-23,50425,,3-Jun-23
BBCW10,AP149,29-Mar-23,50374,,3-Jun-23
BBCW10,AP149,30-Mar-23,47525,,3-Jun-23
BBCW10,AP149,31-Mar-23,43182,,3-Jun-23
BBCW10,AP149,1-Apr-23,47470,,3-Jun-23
BBCW10,AP149,2-Apr-23,48370,,3-Jun-23
BBCW10,AP149,3-Apr-23,50325,,3-Jun-23
BBCW10,AP149,4-Apr-23,50745,,3-Jun-23
BBCW10,AP149,5-Apr-23,49178,,3-Jun-23
BBCW10,AP149,6-Apr-23,46477,,3-Jun-23
BBCW10,AP149,7-Apr-23,46063,,3-Jun-23
BBCW10,AP149,8-Apr-23,48624,,3-Jun-23
BBCW10,AP149,9-Apr-23,51786,,3-Jun-23
BBCW10,AP149,10-Apr-23,48131,,3-Jun-23
BBCW10,AP149,11-Apr-23,42851,,3-Jun-23
BBCW10,AP149,12-Apr-23,37596,,3-Jun-23
BBCW10,AP149,13-Apr-23,38124,,10-Jun-23
BBCW10,AP149,14-Apr-23,38869,,10-Jun-23
BBCW10,AP149,15-Apr-23,40797,,10-Jun-23
BBCW10,AP149,16-Apr-23,40098,,10-Jun-23
BBCW10,AP149,17-Apr-23,34471,,10-Jun-23
BBCW10,AP149,18-Apr-23,37168,,10-Jun-23
BBCW10,AP149,19-Apr-23,32497,,10-Jun-23
BBCW10,AP149,20-Apr-23,29954,,10-Jun-23
BBCW10,AP149,21-Apr-23,30678,,10-Jun-23
BBCW10,AP149,22-Apr-23,37652,,10-Jun-23
BBCW10,AP149,23-Apr-23,39759,,10-Jun-23
BBCW10,AP149,24-Apr-23,40338,,10-Jun-23
BBCW10,AP149,25-Apr-23,35953,,10-Jun-23
BBCW10,AP149,26-Apr-23,40410,,10-Jun-23
BBCW10,AP149,27-Apr-23,42031,,10-Jun-23
BBCW10,AP149,28-Apr-23,42955,,10-Jun-23
BBCW10,AP149,29-Apr-23,46705,,10-Jun-23
BBCW10,AP149,30-Apr-23,43477,,10-Jun-23
BBCW10,AP149,1-May-23,47833,,10-Jun-23
BBCW10,AP149,2-May-23,49249,,10-Jun-23
BBCW10,AP149,3-May-23,49774,,10-Jun-23
BBCW10,AP149,4-May-23,50038,,10-Jun-23
BBCW10,AP149,5-May-23,49896,,10-Jun-23
BBCW10,AP149,6-May-23,49460,,10-Jun-23
BBCW10,AP149,7-May-23,46254,,10-Jun-23
BBCW10,AP149,8-May-23,43259,,10-Jun-23
BBCW10,AP149,9-May-23,43629,,10-Jun-23
BBCW10,AP149,10-May-23,45588,,10-Jun-23
BBCW10,AP149,11-May-23,45961,,10-Jun-23
BBCW10,AP149,12-May-23,44893,,10-Jun-23
BBCW10,AP149,13-May-23,43826,,10-Jun-23
BBCW10,AP149,14-May-23,43521,,10-Jun-23
BBCW10,AP149,15-May-23,43076,,10-Jun-23
BBCW10,AP149,16-May-23,44151,,10-Jun-23
BBCW10,AP149,17-May-23,46643,,10-Jun-23
BBCW10,AP149,18-May-23,47587,,10-Jun-23
BBCW10,AP149,19-May-23,46845,,10-Jun-23
BBCW10,AP149,20-May-23,45372,,10-Jun-23
BBCW10,AP149,21-May-23,45587,,10-Jun-23
BBCW10,AP149,22-May-23,45945,,10-Jun-23
BBCW10,AP149,23-May-23,44968,P,24-May-23
BBCW10,AP149,24-May-23,42879,P,1-Jun-23
BBCW10,AP149,25-May-23,44331,P,26-May-23
BBCW10,AP149,26-May-23,44048,P,27-May-23
BBCW10,AP149,27-May-23,38264,P,28-May-23
BBCW10,AP149,28-May-23,47157,P,29-May-23
BBCW10,AP149,29-May-23,50765,P,30-May-23
BBCW10,AP149,30-May-23,47399,P,31-May-23
BBCW10,AP149,31-May-23,44118,P,1-Jun-23
BBCW10,AP149,1-Jun-23,43893,P,2-Jun-23
BBCW10,AP149,2-Jun-23,44347,P,3-Jun-23
BBCW10,AP149,3-Jun-23,42395,P,4-Jun-23
BBCW10,AP149,4-Jun-23,38669,P,5-Jun-23
BBCW10,AP149,5-Jun-23,36446,P,6-Jun-23
BBCW10,AP149,6-Jun-23,35605,P,6-Jul-23
BBCW10,AP149,7-Jun-23,38276,P,8-Jun-23
BBCW10,AP149,8-Jun-23,40714,P,9-Jun-23
BBCW10,AP149,9-Jun-23,42376,P,10-Jun-23
BBCW10,AP149,10-Jun-23,42549,P,11-Jun-23
BBCW10,AP149,11-Jun-23,39706,P,12-Jun-23
BBCW10,AP149,12-Jun-23,36014,P,13-Jun-23
BBCW10,AP149,13-Jun-23,36541,P,14-Jun-23
BBCW10,AP149,14-Jun-23,42716,P,15-Jun-23
BBCW10,AP149,15-Jun-23,44713,P,16-Jun-23
BBCW10,AP149,16-Jun-23,42814,P,17-Jun-23
BBCW10,AP149,17-Jun-23,43149,P,18-Jun-23
BBCW10,AP149,18-Jun-23,40923,P,6-Jul-23
BBCW10,AP149,19-Jun-23,45483,P,20-Jun-23
BBCW10,AP149,20-Jun-23,41619,P,21-Jun-23
BBCW10,AP149,21-Jun-23,40863,P,22-Jun-23
BBCW10,AP149,22-Jun-23,41548,P,23-Jun-23
BBCW10,AP149,23-Jun-23,41671,P,24-Jun-23
BBCW10,AP149,24-Jun-23,44910,P,25-Jun-23
BBCW10,AP149,25-Jun-23,39447,P,26-Jun-23
BBCW10,AP149,26-Jun-23,34512,P,27-Jun-23
BBCW10,AP149,27-Jun-23,36279,P,28-Jun-23
BBCW10,AP149,28-Jun-23,38356,P,29-Jun-23
BBCW10,AP149,29-Jun-23,38459,P,30-Jun-23
BBCW10,AP149,30-Jun-23,44745,P,4-Jul-23
BBCW10,AP149,1-Jul-23,65250,P,2-Jul-23
BBCW10,AP149,2-Jul-23,57532,P,3-Jul-23
BBCW10,AP149,3-Jul-23,51328,P,4-Jul-23
BBCW10,AP149,4-Jul-23,42156,P,5-Jul-23
BBCW10,AP149,5-Jul-23,50989,P,6-Jul-23
BBCW10,AP149,6-Jul-23,40233,P,11-Jul-23
BBCW10,AP149,7-Jul-23,36689,P,9-Jul-23
BBCW10,AP149,8-Jul-23,38629,P,9-Jul-23
BBCW10,AP149,9-Jul-23,40236,P,10-Jul-23
BBCW10,AP149,10-Jul-23,41891,P,11-Jul-23
 ,,,,,
