Station,DBKEY,Daily Date,Data Value,Qualifer,Revision Date
BBCW10,AP144,29-Sep-21,7.9,,30-Nov-21
BBCW10,AP144,30-Sep-21,6.91,,30-Nov-21
BBCW10,AP144,1-Oct-21,6.51,,30-Nov-21
BBCW10,AP144,2-Oct-21,6.85,,30-Nov-21
BBCW10,AP144,3-Oct-21,7.19,,30-Nov-21
BBCW10,AP144,4-Oct-21,7.05,,30-Nov-21
BBCW10,AP144,5-Oct-21,7.17,,30-Nov-21
BBCW10,AP144,6-Oct-21,7.16,,30-Nov-21
BBCW10,AP144,7-Oct-21,6.94,,30-Nov-21
BBCW10,AP144,8-Oct-21,6.53,,30-Nov-21
BBCW10,AP144,9-Oct-21,6.07,,30-Nov-21
BBCW10,AP144,10-Oct-21,5.55,,30-Nov-21
BBCW10,AP144,11-Oct-21,5.59,,30-Nov-21
BBCW10,AP144,12-Oct-21,6.3,,30-Nov-21
BBCW10,AP144,13-Oct-21,6.38,,30-Nov-21
BBCW10,AP144,14-Oct-21,6.67,,30-Nov-21
BBCW10,AP144,15-Oct-21,6.6,,30-Nov-21
BBCW10,AP144,16-Oct-21,5.94,,30-Nov-21
BBCW10,AP144,17-Oct-21,5.99,,30-Nov-21
BBCW10,AP144,18-Oct-21,6.63,,30-Nov-21
BBCW10,AP144,19-Oct-21,7.08,,30-Nov-21
BBCW10,AP144,20-Oct-21,7.32,,30-Nov-21
BBCW10,AP144,21-Oct-21,7.27,,30-Nov-21
BBCW10,AP144,22-Oct-21,6.54,,30-Nov-21
BBCW10,AP144,23-Oct-21,5.36,,30-Nov-21
BBCW10,AP144,24-Oct-21,5.28,,30-Nov-21
BBCW10,AP144,25-Oct-21,5.19,,30-Nov-21
BBCW10,AP144,26-Oct-21,5.41,,7-Jan-22
BBCW10,AP144,27-Oct-21,5.2,,7-Jan-22
BBCW10,AP144,28-Oct-21,5.6,,7-Jan-22
BBCW10,AP144,29-Oct-21,5.58,,7-Jan-22
BBCW10,AP144,30-Oct-21,5.84,,7-Jan-22
BBCW10,AP144,31-Oct-21,6.33,,7-Jan-22
BBCW10,AP144,1-Nov-21,6.76,,7-Jan-22
BBCW10,AP144,2-Nov-21,6.56,,7-Jan-22
BBCW10,AP144,3-Nov-21,6.23,,7-Jan-22
BBCW10,AP144,4-Nov-21,6.16,,7-Jan-22
BBCW10,AP144,5-Nov-21,5.98,,7-Jan-22
BBCW10,AP144,6-Nov-21,5.4,,7-Jan-22
BBCW10,AP144,7-Nov-21,6.68,,7-Jan-22
BBCW10,AP144,8-Nov-21,7.36,,7-Jan-22
BBCW10,AP144,9-Nov-21,7.45,,7-Jan-22
BBCW10,AP144,10-Nov-21,7.49,,7-Jan-22
BBCW10,AP144,11-Nov-21,7.24,,7-Jan-22
BBCW10,AP144,12-Nov-21,6.46,,7-Jan-22
BBCW10,AP144,13-Nov-21,6.61,,7-Jan-22
BBCW10,AP144,14-Nov-21,6.89,,7-Jan-22
BBCW10,AP144,15-Nov-21,7.5,,7-Jan-22
BBCW10,AP144,16-Nov-21,7.47,,7-Jan-22
BBCW10,AP144,17-Nov-21,7.03,,7-Jan-22
BBCW10,AP144,18-Nov-21,6.66,,7-Jan-22
BBCW10,AP144,19-Nov-21,6.5,,7-Jan-22
BBCW10,AP144,20-Nov-21,7.15,,7-Jan-22
BBCW10,AP144,21-Nov-21,7.16,,1-Mar-22
BBCW10,AP144,22-Nov-21,6.61,,1-Mar-22
BBCW10,AP144,23-Nov-21,7.15,,1-Mar-22
BBCW10,AP144,24-Nov-21,7.59,,1-Mar-22
BBCW10,AP144,25-Nov-21,7.59,,1-Mar-22
BBCW10,AP144,26-Nov-21,6.99,,1-Mar-22
BBCW10,AP144,27-Nov-21,7.13,,1-Mar-22
BBCW10,AP144,28-Nov-21,7.29,,1-Mar-22
BBCW10,AP144,29-Nov-21,7.79,,1-Mar-22
BBCW10,AP144,30-Nov-21,7.68,,1-Mar-22
BBCW10,AP144,1-Dec-21,7.54,,1-Mar-22
BBCW10,AP144,2-Dec-21,7.61,,1-Mar-22
BBCW10,AP144,3-Dec-21,7.34,,1-Mar-22
BBCW10,AP144,4-Dec-21,7.13,,1-Mar-22
BBCW10,AP144,5-Dec-21,6.83,,1-Mar-22
BBCW10,AP144,6-Dec-21,6.78,,1-Mar-22
BBCW10,AP144,7-Dec-21,6.6,,1-Mar-22
BBCW10,AP144,8-Dec-21,6.46,,1-Mar-22
BBCW10,AP144,9-Dec-21,5.99,,1-Mar-22
BBCW10,AP144,10-Dec-21,6.43,,1-Mar-22
BBCW10,AP144,11-Dec-21,6.82,,1-Mar-22
BBCW10,AP144,12-Dec-21,6.46,,1-Mar-22
BBCW10,AP144,13-Dec-21,6.98,,1-Mar-22
BBCW10,AP144,14-Dec-21,6.91,,1-Mar-22
BBCW10,AP144,15-Dec-21,7.17,,1-Mar-22
BBCW10,AP144,16-Dec-21,7.36,,1-Mar-22
BBCW10,AP144,17-Dec-21,7.38,,1-Mar-22
BBCW10,AP144,18-Dec-21,7.2,,1-Mar-22
BBCW10,AP144,19-Dec-21,6.92,,1-Mar-22
BBCW10,AP144,20-Dec-21,6.38,,1-Mar-22
BBCW10,AP144,21-Dec-21,6.11,,1-Mar-22
BBCW10,AP144,22-Dec-21,6.34,,1-Mar-22
BBCW10,AP144,23-Dec-21,6.92,,1-Mar-22
BBCW10,AP144,24-Dec-21,7.52,,1-Mar-22
BBCW10,AP144,25-Dec-21,7.79,,1-Mar-22
BBCW10,AP144,26-Dec-21,7.74,,1-Mar-22
BBCW10,AP144,27-Dec-21,7.86,,1-Mar-22
BBCW10,AP144,28-Dec-21,7.56,,1-Mar-22
BBCW10,AP144,29-Dec-21,7.13,,1-Mar-22
BBCW10,AP144,30-Dec-21,7.37,,1-Mar-22
BBCW10,AP144,31-Dec-21,7.17,,1-Mar-22
BBCW10,AP144,1-Jan-22,6.93,,1-Mar-22
BBCW10,AP144,2-Jan-22,6.71,,1-Mar-22
BBCW10,AP144,3-Jan-22,6.42,,1-Mar-22
BBCW10,AP144,4-Jan-22,6.57,,1-Mar-22
BBCW10,AP144,5-Jan-22,6.5,,1-Mar-22
BBCW10,AP144,6-Jan-22,6.74,,1-Mar-22
BBCW10,AP144,7-Jan-22,6.86,,1-Mar-22
BBCW10,AP144,8-Jan-22,7.31,,1-Mar-22
BBCW10,AP144,9-Jan-22,7.16,,1-Mar-22
BBCW10,AP144,10-Jan-22,6.55,,1-Mar-22
BBCW10,AP144,11-Jan-22,7.35,,1-Mar-22
BBCW10,AP144,12-Jan-22,7.66,,1-Mar-22
BBCW10,AP144,13-Jan-22,7.38,,1-Mar-22
BBCW10,AP144,14-Jan-22,7.37,,1-Mar-22
BBCW10,AP144,15-Jan-22,7.36,,1-Mar-22
BBCW10,AP144,16-Jan-22,7.33,,1-Mar-22
BBCW10,AP144,17-Jan-22,6.64,,1-Mar-22
BBCW10,AP144,18-Jan-22,7.18,,20-May-22
BBCW10,AP144,19-Jan-22,7.43,,20-May-22
BBCW10,AP144,20-Jan-22,7.7,,20-May-22
BBCW10,AP144,21-Jan-22,7.73,,20-May-22
BBCW10,AP144,22-Jan-22,7.68,,20-May-22
BBCW10,AP144,23-Jan-22,7.26,,20-May-22
BBCW10,AP144,24-Jan-22,7.79,,20-May-22
BBCW10,AP144,25-Jan-22,8.49,,20-May-22
BBCW10,AP144,26-Jan-22,8.19,,20-May-22
BBCW10,AP144,27-Jan-22,7.65,,20-May-22
BBCW10,AP144,28-Jan-22,7.79,,20-May-22
BBCW10,AP144,29-Jan-22,7.95,,20-May-22
BBCW10,AP144,30-Jan-22,8.4,,20-May-22
BBCW10,AP144,31-Jan-22,9.01,,20-May-22
BBCW10,AP144,1-Feb-22,8.76,,20-May-22
BBCW10,AP144,2-Feb-22,8.64,,20-May-22
BBCW10,AP144,3-Feb-22,8.53,,20-May-22
BBCW10,AP144,4-Feb-22,8.34,,20-May-22
BBCW10,AP144,5-Feb-22,7.97,,20-May-22
BBCW10,AP144,6-Feb-22,7.57,,20-May-22
BBCW10,AP144,7-Feb-22,7.47,,20-May-22
BBCW10,AP144,8-Feb-22,7.38,,20-May-22
BBCW10,AP144,9-Feb-22,6.64,,20-May-22
BBCW10,AP144,10-Feb-22,7.37,,20-May-22
BBCW10,AP144,11-Feb-22,7.81,,20-May-22
BBCW10,AP144,12-Feb-22,7.69,,20-May-22
BBCW10,AP144,13-Feb-22,7.38,,20-May-22
BBCW10,AP144,14-Feb-22,7.9,,20-May-22
BBCW10,AP144,15-Feb-22,7.71,,20-May-22
BBCW10,AP144,16-Feb-22,7.81,,20-May-22
BBCW10,AP144,17-Feb-22,7.58,,20-May-22
BBCW10,AP144,18-Feb-22,7.5,,20-May-22
BBCW10,AP144,19-Feb-22,7,,20-May-22
BBCW10,AP144,20-Feb-22,6.86,,20-May-22
BBCW10,AP144,21-Feb-22,7.18,,20-May-22
BBCW10,AP144,22-Feb-22,7.83,,20-May-22
BBCW10,AP144,23-Feb-22,7.67,,20-May-22
BBCW10,AP144,24-Feb-22,8.01,,20-May-22
BBCW10,AP144,25-Feb-22,7.74,,20-May-22
BBCW10,AP144,26-Feb-22,8.15,,20-May-22
BBCW10,AP144,27-Feb-22,7.81,,20-May-22
BBCW10,AP144,28-Feb-22,7.19,,20-May-22
BBCW10,AP144,1-Mar-22,6.87,,20-May-22
BBCW10,AP144,2-Mar-22,6.91,,20-May-22
BBCW10,AP144,3-Mar-22,7.64,,20-May-22
BBCW10,AP144,4-Mar-22,7.6,,20-May-22
BBCW10,AP144,5-Mar-22,7.24,,20-May-22
BBCW10,AP144,6-Mar-22,7.31,,20-May-22
BBCW10,AP144,7-Mar-22,7.37,,20-May-22
BBCW10,AP144,8-Mar-22,7.09,,20-May-22
BBCW10,AP144,9-Mar-22,7.05,,20-May-22
BBCW10,AP144,10-Mar-22,6.97,,20-May-22
BBCW10,AP144,11-Mar-22,6.86,,20-May-22
BBCW10,AP144,12-Mar-22,6.52,,20-May-22
BBCW10,AP144,13-Mar-22,7.28,,20-May-22
BBCW10,AP144,14-Mar-22,7.6,,20-May-22
BBCW10,AP144,15-Mar-22,7.42,,20-May-22
BBCW10,AP144,16-Mar-22,8.17,,20-May-22
BBCW10,AP144,17-Mar-22,7.31,,20-May-22
BBCW10,AP144,18-Mar-22,7.01,,20-May-22
BBCW10,AP144,19-Mar-22,7.13,,20-May-22
BBCW10,AP144,20-Mar-22,6.53,,20-May-22
BBCW10,AP144,21-Mar-22,6.62,,20-May-22
BBCW10,AP144,22-Mar-22,7.05,,20-May-22
BBCW10,AP144,23-Mar-22,7.07,,20-May-22
BBCW10,AP144,24-Mar-22,7.1,,20-May-22
BBCW10,AP144,25-Mar-22,6.85,,20-May-22
BBCW10,AP144,26-Mar-22,7.41,,20-May-22
BBCW10,AP144,27-Mar-22,8.07,,20-May-22
BBCW10,AP144,28-Mar-22,8.04,,20-May-22
BBCW10,AP144,29-Mar-22,8.1,,9-Jul-22
BBCW10,AP144,30-Mar-22,7.36,,9-Jul-22
BBCW10,AP144,31-Mar-22,6.73,,9-Jul-22
BBCW10,AP144,1-Apr-22,6.7,,9-Jul-22
BBCW10,AP144,2-Apr-22,6.85,,9-Jul-22
BBCW10,AP144,3-Apr-22,6.18,,9-Jul-22
BBCW10,AP144,4-Apr-22,5.72,,9-Jul-22
BBCW10,AP144,5-Apr-22,6.25,,9-Jul-22
BBCW10,AP144,6-Apr-22,6.56,,9-Jul-22
BBCW10,AP144,7-Apr-22,6.53,,9-Jul-22
BBCW10,AP144,8-Apr-22,6.45,,9-Jul-22
BBCW10,AP144,9-Apr-22,6.67,,9-Jul-22
BBCW10,AP144,10-Apr-22,7.49,,9-Jul-22
BBCW10,AP144,11-Apr-22,7.59,,9-Jul-22
BBCW10,AP144,12-Apr-22,7.67,,9-Jul-22
BBCW10,AP144,13-Apr-22,7.52,,9-Jul-22
BBCW10,AP144,14-Apr-22,7.16,,9-Jul-22
BBCW10,AP144,15-Apr-22,6.41,,9-Jul-22
BBCW10,AP144,16-Apr-22,6.72,,9-Jul-22
BBCW10,AP144,17-Apr-22,7.09,,9-Jul-22
BBCW10,AP144,18-Apr-22,6.64,,9-Jul-22
BBCW10,AP144,19-Apr-22,6.76,,9-Jul-22
BBCW10,AP144,20-Apr-22,6.55,,9-Jul-22
BBCW10,AP144,21-Apr-22,7.08,,9-Jul-22
BBCW10,AP144,22-Apr-22,6.93,,9-Jul-22
BBCW10,AP144,23-Apr-22,7.13,,9-Jul-22
BBCW10,AP144,24-Apr-22,7.02,,9-Jul-22
BBCW10,AP144,25-Apr-22,7.06,,9-Jul-22
BBCW10,AP144,26-Apr-22,6.86,,16-Jul-22
BBCW10,AP144,27-Apr-22,7.37,,16-Jul-22
BBCW10,AP144,28-Apr-22,6.48,,16-Jul-22
BBCW10,AP144,29-Apr-22,6.43,,16-Jul-22
BBCW10,AP144,30-Apr-22,6.16,,16-Jul-22
BBCW10,AP144,1-May-22,6.07,,16-Jul-22
BBCW10,AP144,2-May-22,6.19,,16-Jul-22
BBCW10,AP144,3-May-22,6.39,,16-Jul-22
BBCW10,AP144,4-May-22,6,,16-Jul-22
BBCW10,AP144,5-May-22,5.56,,16-Jul-22
BBCW10,AP144,6-May-22,5.04,,16-Jul-22
BBCW10,AP144,7-May-22,5.65,,16-Jul-22
BBCW10,AP144,8-May-22,5.7,,16-Jul-22
BBCW10,AP144,9-May-22,5.87,,16-Jul-22
BBCW10,AP144,10-May-22,6.38,,16-Jul-22
BBCW10,AP144,11-May-22,6.46,,16-Jul-22
BBCW10,AP144,12-May-22,6.36,,16-Jul-22
BBCW10,AP144,13-May-22,6.53,,16-Jul-22
BBCW10,AP144,14-May-22,6.7,,16-Jul-22
BBCW10,AP144,15-May-22,6.17,,16-Jul-22
BBCW10,AP144,16-May-22,5.5,,16-Jul-22
BBCW10,AP144,17-May-22,5.31,,16-Jul-22
BBCW10,AP144,18-May-22,5.61,,16-Jul-22
BBCW10,AP144,19-May-22,5.71,,16-Jul-22
BBCW10,AP144,20-May-22,5.71,,16-Jul-22
BBCW10,AP144,21-May-22,6.11,,16-Jul-22
BBCW10,AP144,22-May-22,6.26,,16-Jul-22
BBCW10,AP144,23-May-22,6.43,,16-Jul-22
BBCW10,AP144,24-May-22,6.39,,16-Jul-22
BBCW10,AP144,25-May-22,6.33,,16-Jul-22
BBCW10,AP144,26-May-22,6.46,,17-Sep-22
BBCW10,AP144,27-May-22,6.62,,17-Sep-22
BBCW10,AP144,28-May-22,6.12,,17-Sep-22
BBCW10,AP144,29-May-22,5.44,,17-Sep-22
BBCW10,AP144,30-May-22,4.99,,17-Sep-22
BBCW10,AP144,31-May-22,4.98,,17-Sep-22
BBCW10,AP144,1-Jun-22,5.06,,17-Sep-22
BBCW10,AP144,2-Jun-22,5.37,,17-Sep-22
BBCW10,AP144,3-Jun-22,5.3,,17-Sep-22
BBCW10,AP144,4-Jun-22,5.2,,17-Sep-22
BBCW10,AP144,5-Jun-22,4.69,,17-Sep-22
BBCW10,AP144,6-Jun-22,5.17,,17-Sep-22
BBCW10,AP144,7-Jun-22,4.46,,17-Sep-22
BBCW10,AP144,8-Jun-22,4.15,,17-Sep-22
BBCW10,AP144,9-Jun-22,5.57,,17-Sep-22
BBCW10,AP144,10-Jun-22,4.71,,17-Sep-22
BBCW10,AP144,11-Jun-22,5.14,,17-Sep-22
BBCW10,AP144,12-Jun-22,6.19,,17-Sep-22
BBCW10,AP144,13-Jun-22,6.68,,17-Sep-22
BBCW10,AP144,14-Jun-22,7.39,,17-Sep-22
BBCW10,AP144,15-Jun-22,7.1,,17-Sep-22
BBCW10,AP144,16-Jun-22,7.03,,17-Sep-22
BBCW10,AP144,17-Jun-22,7.19,,17-Sep-22
BBCW10,AP144,18-Jun-22,7.27,,17-Sep-22
BBCW10,AP144,19-Jun-22,7.13,,17-Sep-22
BBCW10,AP144,20-Jun-22,7.22,,17-Sep-22
BBCW10,AP144,21-Jun-22,7.55,,17-Sep-22
BBCW10,AP144,22-Jun-22,8.3,,17-Sep-22
BBCW10,AP144,23-Jun-22,8.42,,17-Sep-22
BBCW10,AP144,24-Jun-22,8.32,,17-Sep-22
BBCW10,AP144,25-Jun-22,7.27,,17-Sep-22
BBCW10,AP144,26-Jun-22,6.66,,17-Sep-22
BBCW10,AP144,27-Jun-22,7.27,,17-Sep-22
BBCW10,AP144,28-Jun-22,7.47,,17-Sep-22
BBCW10,AP144,29-Jun-22,7.31,,22-Nov-22
BBCW10,AP144,30-Jun-22,6.94,,22-Nov-22
BBCW10,AP144,1-Jul-22,6.89,,22-Nov-22
BBCW10,AP144,2-Jul-22,6.97,,22-Nov-22
BBCW10,AP144,3-Jul-22,6.68,,22-Nov-22
BBCW10,AP144,4-Jul-22,6.27,,22-Nov-22
BBCW10,AP144,5-Jul-22,6.72,,22-Nov-22
BBCW10,AP144,6-Jul-22,6.17,,22-Nov-22
BBCW10,AP144,7-Jul-22,6.07,,22-Nov-22
BBCW10,AP144,8-Jul-22,6.01,,22-Nov-22
BBCW10,AP144,9-Jul-22,6.1,,22-Nov-22
BBCW10,AP144,10-Jul-22,5.96,,22-Nov-22
BBCW10,AP144,11-Jul-22,6.06,,22-Nov-22
BBCW10,AP144,12-Jul-22,5.92,,22-Nov-22
BBCW10,AP144,13-Jul-22,5.48,,22-Nov-22
BBCW10,AP144,14-Jul-22,5.5,,22-Nov-22
BBCW10,AP144,15-Jul-22,5.35,,22-Nov-22
BBCW10,AP144,16-Jul-22,4.93,,22-Nov-22
BBCW10,AP144,17-Jul-22,5.39,,22-Nov-22
BBCW10,AP144,18-Jul-22,5.75,,22-Nov-22
BBCW10,AP144,19-Jul-22,5.88,,22-Nov-22
BBCW10,AP144,20-Jul-22,5.82,,22-Nov-22
BBCW10,AP144,21-Jul-22,5.97,,22-Nov-22
BBCW10,AP144,22-Jul-22,5.8,,22-Nov-22
BBCW10,AP144,23-Jul-22,5.61,,22-Nov-22
BBCW10,AP144,24-Jul-22,5.65,,22-Nov-22
BBCW10,AP144,25-Jul-22,5.83,,22-Nov-22
BBCW10,AP144,26-Jul-22,5.11,,22-Nov-22
BBCW10,AP144,27-Jul-22,5.68,,22-Nov-22
BBCW10,AP144,28-Jul-22,6.28,,22-Nov-22
BBCW10,AP144,29-Jul-22,6.41,,22-Nov-22
BBCW10,AP144,30-Jul-22,6.2,,22-Nov-22
BBCW10,AP144,31-Jul-22,6.44,,22-Nov-22
BBCW10,AP144,1-Aug-22,6.21,,22-Nov-22
BBCW10,AP144,2-Aug-22,6.08,,22-Nov-22
BBCW10,AP144,3-Aug-22,6.26,,22-Nov-22
BBCW10,AP144,4-Aug-22,6.2,,22-Nov-22
BBCW10,AP144,5-Aug-22,5.86,,22-Nov-22
BBCW10,AP144,6-Aug-22,5.84,,22-Nov-22
BBCW10,AP144,7-Aug-22,6.44,,22-Nov-22
BBCW10,AP144,8-Aug-22,6.73,,22-Nov-22
BBCW10,AP144,9-Aug-22,6.36,,22-Nov-22
BBCW10,AP144,10-Aug-22,6.06,,22-Nov-22
BBCW10,AP144,11-Aug-22,6.01,,22-Nov-22
BBCW10,AP144,12-Aug-22,6.11,,22-Nov-22
BBCW10,AP144,13-Aug-22,5.35,,22-Nov-22
BBCW10,AP144,14-Aug-22,4.78,,22-Nov-22
BBCW10,AP144,15-Aug-22,4.3,,22-Nov-22
BBCW10,AP144,16-Aug-22,4.39,,22-Nov-22
BBCW10,AP144,17-Aug-22,4.38,,22-Nov-22
BBCW10,AP144,18-Aug-22,4.67,,22-Nov-22
BBCW10,AP144,19-Aug-22,5.39,,22-Nov-22
BBCW10,AP144,20-Aug-22,6.09,,22-Nov-22
BBCW10,AP144,21-Aug-22,6.22,,22-Nov-22
BBCW10,AP144,22-Aug-22,6.46,,22-Nov-22
BBCW10,AP144,23-Aug-22,6.66,,22-Nov-22
BBCW10,AP144,24-Aug-22,6.24,,22-Nov-22
BBCW10,AP144,25-Aug-22,6.31,,22-Nov-22
BBCW10,AP144,26-Aug-22,5.88,,22-Nov-22
BBCW10,AP144,27-Aug-22,5.48,,22-Nov-22
BBCW10,AP144,28-Aug-22,5.17,,22-Nov-22
BBCW10,AP144,29-Aug-22,5.2,,22-Nov-22
BBCW10,AP144,30-Aug-22,6.08,,22-Nov-22
BBCW10,AP144,31-Aug-22,5.81,,19-Feb-23
BBCW10,AP144,1-Sep-22,5.94,,19-Feb-23
BBCW10,AP144,2-Sep-22,6.37,,19-Feb-23
BBCW10,AP144,3-Sep-22,5.94,,19-Feb-23
BBCW10,AP144,4-Sep-22,6.46,,19-Feb-23
BBCW10,AP144,5-Sep-22,6.72,,19-Feb-23
BBCW10,AP144,6-Sep-22,6.48,,19-Feb-23
BBCW10,AP144,7-Sep-22,6.17,,19-Feb-23
BBCW10,AP144,8-Sep-22,5.18,,19-Feb-23
BBCW10,AP144,9-Sep-22,5.47,,19-Feb-23
BBCW10,AP144,10-Sep-22,6.21,,19-Feb-23
BBCW10,AP144,11-Sep-22,6.11,,19-Feb-23
BBCW10,AP144,12-Sep-22,5.87,,19-Feb-23
BBCW10,AP144,13-Sep-22,5.48,,19-Feb-23
BBCW10,AP144,14-Sep-22,5.05,,19-Feb-23
BBCW10,AP144,15-Sep-22,5.18,,19-Feb-23
BBCW10,AP144,16-Sep-22,5.59,,19-Feb-23
BBCW10,AP144,17-Sep-22,5.96,,19-Feb-23
BBCW10,AP144,18-Sep-22,6.2,,19-Feb-23
BBCW10,AP144,19-Sep-22,5.32,,19-Feb-23
BBCW10,AP144,20-Sep-22,6.4,,19-Feb-23
BBCW10,AP144,21-Sep-22,6.28,,19-Feb-23
BBCW10,AP144,22-Sep-22,5.67,,19-Feb-23
BBCW10,AP144,23-Sep-22,5.68,,19-Feb-23
BBCW10,AP144,24-Sep-22,6,,19-Feb-23
BBCW10,AP144,25-Sep-22,6.27,,19-Feb-23
BBCW10,AP144,26-Sep-22,5.97,,19-Feb-23
BBCW10,AP144,27-Sep-22,6.09,,19-Feb-23
BBCW10,AP144,28-Sep-22,6.23,,19-Feb-23
BBCW10,AP144,29-Sep-22,5.52,,19-Feb-23
BBCW10,AP144,30-Sep-22,6.14,,19-Feb-23
BBCW10,AP144,1-Oct-22,6.5,,19-Feb-23
BBCW10,AP144,2-Oct-22,6.29,,19-Feb-23
BBCW10,AP144,3-Oct-22,6.24,,19-Feb-23
BBCW10,AP144,4-Oct-22,6.85,,19-Feb-23
BBCW10,AP144,5-Oct-22,6.87,,19-Feb-23
BBCW10,AP144,6-Oct-22,7.09,,19-Feb-23
BBCW10,AP144,7-Oct-22,7.35,,19-Feb-23
BBCW10,AP144,8-Oct-22,7.27,,19-Feb-23
BBCW10,AP144,9-Oct-22,6.61,,19-Feb-23
BBCW10,AP144,10-Oct-22,6.45,,19-Feb-23
BBCW10,AP144,11-Oct-22,6.91,,19-Feb-23
BBCW10,AP144,12-Oct-22,7.21,,19-Feb-23
BBCW10,AP144,13-Oct-22,6.88,,19-Feb-23
BBCW10,AP144,14-Oct-22,5.95,,19-Feb-23
BBCW10,AP144,15-Oct-22,6.09,,19-Feb-23
BBCW10,AP144,16-Oct-22,6.95,,19-Feb-23
BBCW10,AP144,17-Oct-22,6.78,,19-Feb-23
BBCW10,AP144,18-Oct-22,6.98,,19-Feb-23
BBCW10,AP144,19-Oct-22,6.58,,19-Feb-23
BBCW10,AP144,20-Oct-22,7.01,,19-Feb-23
BBCW10,AP144,21-Oct-22,7.81,,19-Feb-23
BBCW10,AP144,22-Oct-22,8.14,,19-Feb-23
BBCW10,AP144,23-Oct-22,7.77,,19-Feb-23
BBCW10,AP144,24-Oct-22,7.67,,19-Feb-23
BBCW10,AP144,25-Oct-22,7.58,,19-Feb-23
BBCW10,AP144,26-Oct-22,6.91,,19-Feb-23
BBCW10,AP144,27-Oct-22,6.68,,19-Feb-23
BBCW10,AP144,28-Oct-22,6.72,,19-Feb-23
BBCW10,AP144,29-Oct-22,6.63,,19-Feb-23
BBCW10,AP144,30-Oct-22,6.96,,19-Feb-23
BBCW10,AP144,31-Oct-22,6.26,,19-Feb-23
BBCW10,AP144,1-Nov-22,6.74,,19-Feb-23
BBCW10,AP144,2-Nov-22,6.6,,19-Feb-23
BBCW10,AP144,3-Nov-22,6.74,,19-Feb-23
BBCW10,AP144,4-Nov-22,6.73,,19-Feb-23
BBCW10,AP144,5-Nov-22,6.51,,19-Feb-23
BBCW10,AP144,6-Nov-22,6.91,,19-Feb-23
BBCW10,AP144,7-Nov-22,6.83,,19-Feb-23
BBCW10,AP144,8-Nov-22,6.36,,19-Feb-23
BBCW10,AP144,9-Nov-22,6.33,,19-Feb-23
BBCW10,AP144,10-Nov-22,6.59,,19-Feb-23
BBCW10,AP144,11-Nov-22,6.37,,19-Feb-23
BBCW10,AP144,12-Nov-22,5.96,,19-Feb-23
BBCW10,AP144,13-Nov-22,6.1,,19-Feb-23
BBCW10,AP144,14-Nov-22,6.1,,19-Feb-23
BBCW10,AP144,15-Nov-22,6.24,,19-Feb-23
BBCW10,AP144,16-Nov-22,6.16,,19-Feb-23
BBCW10,AP144,17-Nov-22,6.08,,19-Feb-23
BBCW10,AP144,18-Nov-22,6.74,,19-Feb-23
BBCW10,AP144,19-Nov-22,6.92,,19-Feb-23
BBCW10,AP144,20-Nov-22,6.99,,19-Feb-23
BBCW10,AP144,21-Nov-22,6.81,,19-Feb-23
BBCW10,AP144,22-Nov-22,6.06,,19-Feb-23
BBCW10,AP144,23-Nov-22,5.75,,19-Feb-23
BBCW10,AP144,24-Nov-22,6.05,,19-Feb-23
BBCW10,AP144,25-Nov-22,6.38,,19-Feb-23
BBCW10,AP144,26-Nov-22,6.05,,19-Feb-23
BBCW10,AP144,27-Nov-22,6.28,,19-Feb-23
BBCW10,AP144,28-Nov-22,6.2,,19-Feb-23
BBCW10,AP144,29-Nov-22,6.83,,19-Feb-23
BBCW10,AP144,30-Nov-22,6.93,,19-Feb-23
BBCW10,AP144,1-Dec-22,6.62,,19-Feb-23
BBCW10,AP144,2-Dec-22,7.32,,19-Feb-23
BBCW10,AP144,3-Dec-22,7.66,,19-Feb-23
BBCW10,AP144,4-Dec-22,7.68,,19-Feb-23
BBCW10,AP144,5-Dec-22,7.45,,12-Apr-23
BBCW10,AP144,6-Dec-22,7.32,,12-Apr-23
BBCW10,AP144,7-Dec-22,7.09,,12-Apr-23
BBCW10,AP144,8-Dec-22,7.47,,12-Apr-23
BBCW10,AP144,9-Dec-22,7.33,,12-Apr-23
BBCW10,AP144,10-Dec-22,7,,12-Apr-23
BBCW10,AP144,11-Dec-22,7.06,,12-Apr-23
BBCW10,AP144,12-Dec-22,6.87,,12-Apr-23
BBCW10,AP144,13-Dec-22,7.48,,12-Apr-23
BBCW10,AP144,14-Dec-22,7.37,,12-Apr-23
BBCW10,AP144,15-Dec-22,7.35,,12-Apr-23
BBCW10,AP144,16-Dec-22,6.88,,12-Apr-23
BBCW10,AP144,17-Dec-22,6.33,,12-Apr-23
BBCW10,AP144,18-Dec-22,6.6,,12-Apr-23
BBCW10,AP144,19-Dec-22,7.11,,12-Apr-23
BBCW10,AP144,20-Dec-22,7.24,,12-Apr-23
BBCW10,AP144,21-Dec-22,7.13,,12-Apr-23
BBCW10,AP144,22-Dec-22,7.45,,12-Apr-23
BBCW10,AP144,23-Dec-22,6.94,,12-Apr-23
BBCW10,AP144,24-Dec-22,7.56,,12-Apr-23
BBCW10,AP144,25-Dec-22,8.12,,12-Apr-23
BBCW10,AP144,26-Dec-22,8.47,,12-Apr-23
BBCW10,AP144,27-Dec-22,8.6,,12-Apr-23
BBCW10,AP144,28-Dec-22,8.9,,12-Apr-23
BBCW10,AP144,29-Dec-22,9.15,,12-Apr-23
BBCW10,AP144,30-Dec-22,8.84,,12-Apr-23
BBCW10,AP144,31-Dec-22,9.49,,12-Apr-23
BBCW10,AP144,1-Jan-23,9.46,,12-Apr-23
BBCW10,AP144,2-Jan-23,8.68,,12-Apr-23
BBCW10,AP144,3-Jan-23,8.35,,12-Apr-23
BBCW10,AP144,4-Jan-23,7.78,,12-Apr-23
BBCW10,AP144,5-Jan-23,7.52,,12-Apr-23
BBCW10,AP144,6-Jan-23,7.62,,12-Apr-23
BBCW10,AP144,7-Jan-23,7.55,,12-Apr-23
BBCW10,AP144,8-Jan-23,7.69,,12-Apr-23
BBCW10,AP144,9-Jan-23,7.93,,12-Apr-23
BBCW10,AP144,10-Jan-23,7.9,,12-Apr-23
BBCW10,AP144,11-Jan-23,7.83,,12-Apr-23
BBCW10,AP144,12-Jan-23,8.08,,12-Apr-23
BBCW10,AP144,13-Jan-23,7.87,,12-Apr-23
BBCW10,AP144,14-Jan-23,7.83,,12-Apr-23
BBCW10,AP144,15-Jan-23,8.34,,12-Apr-23
BBCW10,AP144,16-Jan-23,8.78,,12-Apr-23
BBCW10,AP144,17-Jan-23,9.5,,12-Apr-23
BBCW10,AP144,18-Jan-23,9.05,,12-Apr-23
BBCW10,AP144,19-Jan-23,8.98,,12-Apr-23
BBCW10,AP144,20-Jan-23,8.76,,12-Apr-23
BBCW10,AP144,21-Jan-23,8.49,,12-Apr-23
BBCW10,AP144,22-Jan-23,8.16,,12-Apr-23
BBCW10,AP144,23-Jan-23,7.39,,12-Apr-23
BBCW10,AP144,24-Jan-23,7.36,,12-Apr-23
BBCW10,AP144,25-Jan-23,7.22,,12-Apr-23
BBCW10,AP144,26-Jan-23,6.89,,12-Apr-23
BBCW10,AP144,27-Jan-23,7.24,,12-Apr-23
BBCW10,AP144,28-Jan-23,7.56,,12-Apr-23
BBCW10,AP144,29-Jan-23,7.73,,12-Apr-23
BBCW10,AP144,30-Jan-23,7.88,,12-Apr-23
BBCW10,AP144,31-Jan-23,7.78,,12-Apr-23
BBCW10,AP144,1-Feb-23,7.35,,12-Apr-23
BBCW10,AP144,2-Feb-23,7.49,,12-Apr-23
BBCW10,AP144,3-Feb-23,7.15,,12-Apr-23
BBCW10,AP144,4-Feb-23,6.82,,12-Apr-23
BBCW10,AP144,5-Feb-23,7.02,,12-Apr-23
BBCW10,AP144,6-Feb-23,6.79,,12-Apr-23
BBCW10,AP144,7-Feb-23,7.37,,12-Apr-23
BBCW10,AP144,8-Feb-23,7.65,,12-Apr-23
BBCW10,AP144,9-Feb-23,7.84,,12-Apr-23
BBCW10,AP144,10-Feb-23,7.84,,12-Apr-23
BBCW10,AP144,11-Feb-23,7.72,,12-Apr-23
BBCW10,AP144,12-Feb-23,7.17,,12-Apr-23
BBCW10,AP144,13-Feb-23,7.81,,12-Apr-23
BBCW10,AP144,14-Feb-23,7.73,,12-Apr-23
BBCW10,AP144,15-Feb-23,8.51,,12-Apr-23
BBCW10,AP144,16-Feb-23,8.14,,12-Apr-23
BBCW10,AP144,17-Feb-23,7.59,,12-Apr-23
BBCW10,AP144,18-Feb-23,7.47,,12-Apr-23
BBCW10,AP144,19-Feb-23,7.36,,12-Apr-23
BBCW10,AP144,20-Feb-23,7.78,,12-Apr-23
BBCW10,AP144,21-Feb-23,7.52,,12-Apr-23
BBCW10,AP144,22-Feb-23,7.23,,12-Apr-23
BBCW10,AP144,23-Feb-23,7.36,,3-Jun-23
BBCW10,AP144,24-Feb-23,7.28,,3-Jun-23
BBCW10,AP144,25-Feb-23,7.45,,3-Jun-23
BBCW10,AP144,26-Feb-23,7.22,,3-Jun-23
BBCW10,AP144,27-Feb-23,7.25,,3-Jun-23
BBCW10,AP144,28-Feb-23,7.16,,3-Jun-23
BBCW10,AP144,1-Mar-23,7.11,,3-Jun-23
BBCW10,AP144,2-Mar-23,7.15,,3-Jun-23
BBCW10,AP144,3-Mar-23,7.1,,3-Jun-23
BBCW10,AP144,4-Mar-23,6.88,,3-Jun-23
BBCW10,AP144,5-Mar-23,6.82,,3-Jun-23
BBCW10,AP144,6-Mar-23,6.63,,3-Jun-23
BBCW10,AP144,7-Mar-23,6.38,,3-Jun-23
BBCW10,AP144,8-Mar-23,6.45,,3-Jun-23
BBCW10,AP144,9-Mar-23,6.72,,3-Jun-23
BBCW10,AP144,10-Mar-23,7.06,,3-Jun-23
BBCW10,AP144,11-Mar-23,6.86,,3-Jun-23
BBCW10,AP144,12-Mar-23,7.08,,3-Jun-23
BBCW10,AP144,13-Mar-23,6.74,,3-Jun-23
BBCW10,AP144,14-Mar-23,6.59,,3-Jun-23
BBCW10,AP144,15-Mar-23,6.58,,3-Jun-23
BBCW10,AP144,16-Mar-23,7.35,,3-Jun-23
BBCW10,AP144,17-Mar-23,7.83,,3-Jun-23
BBCW10,AP144,18-Mar-23,7.64,,3-Jun-23
BBCW10,AP144,19-Mar-23,7.12,,3-Jun-23
BBCW10,AP144,20-Mar-23,7.17,,3-Jun-23
BBCW10,AP144,21-Mar-23,7.51,,3-Jun-23
BBCW10,AP144,22-Mar-23,7.7,,3-Jun-23
BBCW10,AP144,23-Mar-23,7.56,,3-Jun-23
BBCW10,AP144,24-Mar-23,7.41,,3-Jun-23
BBCW10,AP144,25-Mar-23,7.29,,3-Jun-23
BBCW10,AP144,26-Mar-23,7.08,,3-Jun-23
BBCW10,AP144,27-Mar-23,6.86,,3-Jun-23
BBCW10,AP144,28-Mar-23,6.7,,3-Jun-23
BBCW10,AP144,29-Mar-23,6.43,,3-Jun-23
BBCW10,AP144,30-Mar-23,6.07,,3-Jun-23
BBCW10,AP144,31-Mar-23,6.82,,3-Jun-23
BBCW10,AP144,1-Apr-23,7.01,,3-Jun-23
BBCW10,AP144,2-Apr-23,6.84,,3-Jun-23
BBCW10,AP144,3-Apr-23,6.91,,3-Jun-23
BBCW10,AP144,4-Apr-23,6.63,,3-Jun-23
BBCW10,AP144,5-Apr-23,6.51,,3-Jun-23
BBCW10,AP144,6-Apr-23,6.69,,3-Jun-23
BBCW10,AP144,7-Apr-23,6.79,,3-Jun-23
BBCW10,AP144,8-Apr-23,7.23,,3-Jun-23
BBCW10,AP144,9-Apr-23,6.24,,3-Jun-23
BBCW10,AP144,10-Apr-23,6.31,,3-Jun-23
BBCW10,AP144,11-Apr-23,6.45,,3-Jun-23
BBCW10,AP144,12-Apr-23,6.65,,3-Jun-23
BBCW10,AP144,13-Apr-23,6.17,,10-Jun-23
BBCW10,AP144,14-Apr-23,6.52,,10-Jun-23
BBCW10,AP144,15-Apr-23,6.56,,10-Jun-23
BBCW10,AP144,16-Apr-23,6.33,,10-Jun-23
BBCW10,AP144,17-Apr-23,6.23,,10-Jun-23
BBCW10,AP144,18-Apr-23,6.65,,10-Jun-23
BBCW10,AP144,19-Apr-23,7.07,,10-Jun-23
BBCW10,AP144,20-Apr-23,7.39,,10-Jun-23
BBCW10,AP144,21-Apr-23,7.16,,10-Jun-23
BBCW10,AP144,22-Apr-23,6.61,,10-Jun-23
BBCW10,AP144,23-Apr-23,6.32,,10-Jun-23
BBCW10,AP144,24-Apr-23,6.67,,10-Jun-23
BBCW10,AP144,25-Apr-23,6.64,,10-Jun-23
BBCW10,AP144,26-Apr-23,6.79,,10-Jun-23
BBCW10,AP144,27-Apr-23,6.46,,10-Jun-23
BBCW10,AP144,28-Apr-23,6.38,,10-Jun-23
BBCW10,AP144,29-Apr-23,6.24,,10-Jun-23
BBCW10,AP144,30-Apr-23,6.24,,10-Jun-23
BBCW10,AP144,1-May-23,6.27,,10-Jun-23
BBCW10,AP144,2-May-23,6.65,,10-Jun-23
BBCW10,AP144,3-May-23,6.59,,10-Jun-23
BBCW10,AP144,4-May-23,6.74,,10-Jun-23
BBCW10,AP144,5-May-23,5.99,,10-Jun-23
BBCW10,AP144,6-May-23,6.55,,10-Jun-23
BBCW10,AP144,7-May-23,6.19,,10-Jun-23
BBCW10,AP144,8-May-23,6.5,,10-Jun-23
BBCW10,AP144,9-May-23,6.72,,10-Jun-23
BBCW10,AP144,10-May-23,6.04,,10-Jun-23
BBCW10,AP144,11-May-23,6.36,,10-Jun-23
BBCW10,AP144,12-May-23,6.48,,10-Jun-23
BBCW10,AP144,13-May-23,6.63,,10-Jun-23
BBCW10,AP144,14-May-23,6.67,,10-Jun-23
BBCW10,AP144,15-May-23,6.68,,10-Jun-23
BBCW10,AP144,16-May-23,6.31,,10-Jun-23
BBCW10,AP144,17-May-23,5.74,,10-Jun-23
BBCW10,AP144,18-May-23,5.83,,10-Jun-23
BBCW10,AP144,19-May-23,5.22,,10-Jun-23
BBCW10,AP144,20-May-23,5.46,,10-Jun-23
BBCW10,AP144,21-May-23,5.56,,10-Jun-23
BBCW10,AP144,22-May-23,5.47,,10-Jun-23
BBCW10,AP144,23-May-23,5.31,P,24-May-23
BBCW10,AP144,24-May-23,5.43,P,1-Jun-23
BBCW10,AP144,25-May-23,5.53,P,26-May-23
BBCW10,AP144,26-May-23,5.59,P,27-May-23
BBCW10,AP144,27-May-23,6.55,P,28-May-23
BBCW10,AP144,28-May-23,7.26,P,29-May-23
BBCW10,AP144,29-May-23,7.09,P,30-May-23
BBCW10,AP144,30-May-23,6.69,P,31-May-23
BBCW10,AP144,31-May-23,6.27,P,1-Jun-23
BBCW10,AP144,1-Jun-23,6.16,P,2-Jun-23
BBCW10,AP144,2-Jun-23,5.7,P,3-Jun-23
BBCW10,AP144,3-Jun-23,5.91,P,4-Jun-23
BBCW10,AP144,4-Jun-23,5.9,P,5-Jun-23
BBCW10,AP144,5-Jun-23,6.06,P,6-Jun-23
BBCW10,AP144,6-Jun-23,6.35,P,7-Jun-23
BBCW10,AP144,7-Jun-23,6.05,P,8-Jun-23
BBCW10,AP144,8-Jun-23,6.38,P,9-Jun-23
BBCW10,AP144,9-Jun-23,6.34,P,10-Jun-23
BBCW10,AP144,10-Jun-23,6.67,P,11-Jun-23
BBCW10,AP144,11-Jun-23,5.83,P,12-Jun-23
BBCW10,AP144,12-Jun-23,5.64,P,13-Jun-23
BBCW10,AP144,13-Jun-23,5.93,P,14-Jun-23
BBCW10,AP144,14-Jun-23,6.11,P,15-Jun-23
BBCW10,AP144,15-Jun-23,6.27,P,16-Jun-23
BBCW10,AP144,16-Jun-23,6.23,P,17-Jun-23
BBCW10,AP144,17-Jun-23,5.71,P,18-Jun-23
BBCW10,AP144,18-Jun-23,5.32,P,6-Jul-23
BBCW10,AP144,19-Jun-23,4.96,P,20-Jun-23
BBCW10,AP144,20-Jun-23,4.78,P,21-Jun-23
BBCW10,AP144,21-Jun-23,6.03,P,22-Jun-23
BBCW10,AP144,22-Jun-23,6.06,P,23-Jun-23
BBCW10,AP144,23-Jun-23,6.23,P,24-Jun-23
BBCW10,AP144,24-Jun-23,5.93,P,25-Jun-23
BBCW10,AP144,25-Jun-23,5.16,P,26-Jun-23
BBCW10,AP144,26-Jun-23,5.41,P,27-Jun-23
BBCW10,AP144,27-Jun-23,5.94,P,28-Jun-23
BBCW10,AP144,28-Jun-23,5.73,P,29-Jun-23
BBCW10,AP144,29-Jun-23,5.56,P,30-Jun-23
BBCW10,AP144,30-Jun-23,5.25,P,4-Jul-23
BBCW10,AP144,1-Jul-23,4.92,P,2-Jul-23
BBCW10,AP144,2-Jul-23,4.96,P,3-Jul-23
BBCW10,AP144,3-Jul-23,5.3,P,4-Jul-23
BBCW10,AP144,4-Jul-23,5.1,P,5-Jul-23
BBCW10,AP144,5-Jul-23,5.64,P,6-Jul-23
BBCW10,AP144,6-Jul-23,5.84,P,11-Jul-23
BBCW10,AP144,7-Jul-23,6.13,P,9-Jul-23
BBCW10,AP144,8-Jul-23,7.23,P,9-Jul-23
BBCW10,AP144,9-Jul-23,6.96,P,10-Jul-23
BBCW10,AP144,10-Jul-23,6.92,P,11-Jul-23
 ,,,,,
