Station,DBKEY,Daily Date,Data Value,Qualifer,Revision Date
BBCW10,AP145,29-Sep-21,115.17,,30-Nov-21
BBCW10,AP145,30-Sep-21,100.64,,30-Nov-21
BBCW10,AP145,1-Oct-21,93.65,,30-Nov-21
BBCW10,AP145,2-Oct-21,96.63,,30-Nov-21
BBCW10,AP145,3-Oct-21,100.73,,30-Nov-21
BBCW10,AP145,4-Oct-21,98.42,,30-Nov-21
BBCW10,AP145,5-Oct-21,102.21,,30-Nov-21
BBCW10,AP145,6-Oct-21,103.46,,30-Nov-21
BBCW10,AP145,7-Oct-21,101.97,,30-Nov-21
BBCW10,AP145,8-Oct-21,95.83,,30-Nov-21
BBCW10,AP145,9-Oct-21,87.77,,30-Nov-21
BBCW10,AP145,10-Oct-21,81.03,,30-Nov-21
BBCW10,AP145,11-Oct-21,82.82,,30-Nov-21
BBCW10,AP145,12-Oct-21,93.68,,30-Nov-21
BBCW10,AP145,13-Oct-21,94.81,,30-Nov-21
BBCW10,AP145,14-Oct-21,98.81,,30-Nov-21
BBCW10,AP145,15-Oct-21,97.08,,30-Nov-21
BBCW10,AP145,16-Oct-21,86.97,,30-Nov-21
BBCW10,AP145,17-Oct-21,88.99,,30-Nov-21
BBCW10,AP145,18-Oct-21,97.18,,30-Nov-21
BBCW10,AP145,19-Oct-21,99.21,,30-Nov-21
BBCW10,AP145,20-Oct-21,100.9,,30-Nov-21
BBCW10,AP145,21-Oct-21,99.66,,30-Nov-21
BBCW10,AP145,22-Oct-21,89.42,,30-Nov-21
BBCW10,AP145,23-Oct-21,72.5,,30-Nov-21
BBCW10,AP145,24-Oct-21,72.94,,30-Nov-21
BBCW10,AP145,25-Oct-21,73.85,,30-Nov-21
BBCW10,AP145,26-Oct-21,79.14,,7-Jan-22
BBCW10,AP145,27-Oct-21,77.85,,7-Jan-22
BBCW10,AP145,28-Oct-21,84.02,,7-Jan-22
BBCW10,AP145,29-Oct-21,80.68,,7-Jan-22
BBCW10,AP145,30-Oct-21,84.6,,7-Jan-22
BBCW10,AP145,31-Oct-21,91.83,,7-Jan-22
BBCW10,AP145,1-Nov-21,96.9,,7-Jan-22
BBCW10,AP145,2-Nov-21,92.42,,7-Jan-22
BBCW10,AP145,3-Nov-21,86.47,,7-Jan-22
BBCW10,AP145,4-Nov-21,85.28,,7-Jan-22
BBCW10,AP145,5-Nov-21,82.63,,7-Jan-22
BBCW10,AP145,6-Nov-21,73.68,,7-Jan-22
BBCW10,AP145,7-Nov-21,89.22,,7-Jan-22
BBCW10,AP145,8-Nov-21,96.72,,7-Jan-22
BBCW10,AP145,9-Nov-21,97.33,,7-Jan-22
BBCW10,AP145,10-Nov-21,99.66,,7-Jan-22
BBCW10,AP145,11-Nov-21,97.95,,7-Jan-22
BBCW10,AP145,12-Nov-21,88.26,,7-Jan-22
BBCW10,AP145,13-Nov-21,92.08,,7-Jan-22
BBCW10,AP145,14-Nov-21,95.79,,7-Jan-22
BBCW10,AP145,15-Nov-21,103.14,,7-Jan-22
BBCW10,AP145,16-Nov-21,100.98,,7-Jan-22
BBCW10,AP145,17-Nov-21,93.5,,7-Jan-22
BBCW10,AP145,18-Nov-21,86.9,,7-Jan-22
BBCW10,AP145,19-Nov-21,85.32,,7-Jan-22
BBCW10,AP145,20-Nov-21,94.87,,7-Jan-22
BBCW10,AP145,21-Nov-21,93.5,,1-Mar-22
BBCW10,AP145,22-Nov-21,89.51,,1-Mar-22
BBCW10,AP145,23-Nov-21,95.24,,1-Mar-22
BBCW10,AP145,24-Nov-21,97.4,,1-Mar-22
BBCW10,AP145,25-Nov-21,96.25,,1-Mar-22
BBCW10,AP145,26-Nov-21,90.3,,1-Mar-22
BBCW10,AP145,27-Nov-21,94.13,,1-Mar-22
BBCW10,AP145,28-Nov-21,97.12,,1-Mar-22
BBCW10,AP145,29-Nov-21,102.99,,1-Mar-22
BBCW10,AP145,30-Nov-21,100.95,,1-Mar-22
BBCW10,AP145,1-Dec-21,99.51,,1-Mar-22
BBCW10,AP145,2-Dec-21,101.7,,1-Mar-22
BBCW10,AP145,3-Dec-21,97.85,,1-Mar-22
BBCW10,AP145,4-Dec-21,94.37,,1-Mar-22
BBCW10,AP145,5-Dec-21,90.61,,1-Mar-22
BBCW10,AP145,6-Dec-21,91.34,,1-Mar-22
BBCW10,AP145,7-Dec-21,89.72,,1-Mar-22
BBCW10,AP145,8-Dec-21,89.13,,1-Mar-22
BBCW10,AP145,9-Dec-21,83.37,,1-Mar-22
BBCW10,AP145,10-Dec-21,90.02,,1-Mar-22
BBCW10,AP145,11-Dec-21,95.48,,1-Mar-22
BBCW10,AP145,12-Dec-21,89,,1-Mar-22
BBCW10,AP145,13-Dec-21,95,,1-Mar-22
BBCW10,AP145,14-Dec-21,92.15,,1-Mar-22
BBCW10,AP145,15-Dec-21,95.14,,1-Mar-22
BBCW10,AP145,16-Dec-21,96.68,,1-Mar-22
BBCW10,AP145,17-Dec-21,96.23,,1-Mar-22
BBCW10,AP145,18-Dec-21,95.36,,1-Mar-22
BBCW10,AP145,19-Dec-21,93.41,,1-Mar-22
BBCW10,AP145,20-Dec-21,87.65,,1-Mar-22
BBCW10,AP145,21-Dec-21,82.85,,1-Mar-22
BBCW10,AP145,22-Dec-21,84.55,,1-Mar-22
BBCW10,AP145,23-Dec-21,89.97,,1-Mar-22
BBCW10,AP145,24-Dec-21,96.08,,1-Mar-22
BBCW10,AP145,25-Dec-21,100.42,,1-Mar-22
BBCW10,AP145,26-Dec-21,101.64,,1-Mar-22
BBCW10,AP145,27-Dec-21,105.89,,1-Mar-22
BBCW10,AP145,28-Dec-21,102.72,,1-Mar-22
BBCW10,AP145,29-Dec-21,97.46,,1-Mar-22
BBCW10,AP145,30-Dec-21,102.63,,1-Mar-22
BBCW10,AP145,31-Dec-21,99.68,,1-Mar-22
BBCW10,AP145,1-Jan-22,97.05,,1-Mar-22
BBCW10,AP145,2-Jan-22,93.46,,1-Mar-22
BBCW10,AP145,3-Jan-22,88.55,,1-Mar-22
BBCW10,AP145,4-Jan-22,88.8,,1-Mar-22
BBCW10,AP145,5-Jan-22,87.22,,1-Mar-22
BBCW10,AP145,6-Jan-22,90.51,,1-Mar-22
BBCW10,AP145,7-Jan-22,93.53,,1-Mar-22
BBCW10,AP145,8-Jan-22,97.83,,1-Mar-22
BBCW10,AP145,9-Jan-22,93.42,,1-Mar-22
BBCW10,AP145,10-Jan-22,86.74,,1-Mar-22
BBCW10,AP145,11-Jan-22,97.74,,1-Mar-22
BBCW10,AP145,12-Jan-22,100.07,,1-Mar-22
BBCW10,AP145,13-Jan-22,95.84,,1-Mar-22
BBCW10,AP145,14-Jan-22,96.37,,1-Mar-22
BBCW10,AP145,15-Jan-22,96.75,,1-Mar-22
BBCW10,AP145,16-Jan-22,95.07,,1-Mar-22
BBCW10,AP145,17-Jan-22,85.41,,1-Mar-22
BBCW10,AP145,18-Jan-22,91.53,,20-May-22
BBCW10,AP145,19-Jan-22,93.5,,20-May-22
BBCW10,AP145,20-Jan-22,98,,20-May-22
BBCW10,AP145,21-Jan-22,100.53,,20-May-22
BBCW10,AP145,22-Jan-22,101.85,,20-May-22
BBCW10,AP145,23-Jan-22,94.13,,20-May-22
BBCW10,AP145,24-Jan-22,96.46,,20-May-22
BBCW10,AP145,25-Jan-22,103.5,,20-May-22
BBCW10,AP145,26-Jan-22,103.12,,20-May-22
BBCW10,AP145,27-Jan-22,98.07,,20-May-22
BBCW10,AP145,28-Jan-22,101.96,,20-May-22
BBCW10,AP145,29-Jan-22,100.35,,20-May-22
BBCW10,AP145,30-Jan-22,99,,20-May-22
BBCW10,AP145,31-Jan-22,105.37,,20-May-22
BBCW10,AP145,1-Feb-22,104.04,,20-May-22
BBCW10,AP145,2-Feb-22,104.77,,20-May-22
BBCW10,AP145,3-Feb-22,106.03,,20-May-22
BBCW10,AP145,4-Feb-22,106.18,,20-May-22
BBCW10,AP145,5-Feb-22,104.16,,20-May-22
BBCW10,AP145,6-Feb-22,101.67,,20-May-22
BBCW10,AP145,7-Feb-22,101.27,,20-May-22
BBCW10,AP145,8-Feb-22,100.83,,20-May-22
BBCW10,AP145,9-Feb-22,89.25,,20-May-22
BBCW10,AP145,10-Feb-22,97.28,,20-May-22
BBCW10,AP145,11-Feb-22,103.72,,20-May-22
BBCW10,AP145,12-Feb-22,104.66,,20-May-22
BBCW10,AP145,13-Feb-22,99.86,,20-May-22
BBCW10,AP145,14-Feb-22,102.64,,20-May-22
BBCW10,AP145,15-Feb-22,97.35,,20-May-22
BBCW10,AP145,16-Feb-22,98.29,,20-May-22
BBCW10,AP145,17-Feb-22,98.01,,20-May-22
BBCW10,AP145,18-Feb-22,99.64,,20-May-22
BBCW10,AP145,19-Feb-22,95.9,,20-May-22
BBCW10,AP145,20-Feb-22,93.35,,20-May-22
BBCW10,AP145,21-Feb-22,94.9,,20-May-22
BBCW10,AP145,22-Feb-22,102.86,,20-May-22
BBCW10,AP145,23-Feb-22,101.15,,20-May-22
BBCW10,AP145,24-Feb-22,105.98,,20-May-22
BBCW10,AP145,25-Feb-22,101.67,,20-May-22
BBCW10,AP145,26-Feb-22,106.88,,20-May-22
BBCW10,AP145,27-Feb-22,105.29,,20-May-22
BBCW10,AP145,28-Feb-22,100.72,,20-May-22
BBCW10,AP145,1-Mar-22,96.41,,20-May-22
BBCW10,AP145,2-Mar-22,95.14,,20-May-22
BBCW10,AP145,3-Mar-22,104.37,,20-May-22
BBCW10,AP145,4-Mar-22,102.91,,20-May-22
BBCW10,AP145,5-Mar-22,96.48,,20-May-22
BBCW10,AP145,6-Mar-22,96.3,,20-May-22
BBCW10,AP145,7-Mar-22,99.2,,20-May-22
BBCW10,AP145,8-Mar-22,98.53,,20-May-22
BBCW10,AP145,9-Mar-22,100.95,,20-May-22
BBCW10,AP145,10-Mar-22,101.53,,20-May-22
BBCW10,AP145,11-Mar-22,102.35,,20-May-22
BBCW10,AP145,12-Mar-22,96.6,,20-May-22
BBCW10,AP145,13-Mar-22,98.97,,20-May-22
BBCW10,AP145,14-Mar-22,97.94,,20-May-22
BBCW10,AP145,15-Mar-22,98.38,,20-May-22
BBCW10,AP145,16-Mar-22,113.62,,20-May-22
BBCW10,AP145,17-Mar-22,105.3,,20-May-22
BBCW10,AP145,18-Mar-22,103.02,,20-May-22
BBCW10,AP145,19-Mar-22,106.1,,20-May-22
BBCW10,AP145,20-Mar-22,97.06,,20-May-22
BBCW10,AP145,21-Mar-22,93.78,,20-May-22
BBCW10,AP145,22-Mar-22,95.67,,20-May-22
BBCW10,AP145,23-Mar-22,98.48,,20-May-22
BBCW10,AP145,24-Mar-22,102.18,,20-May-22
BBCW10,AP145,25-Mar-22,97.07,,20-May-22
BBCW10,AP145,26-Mar-22,103.15,,20-May-22
BBCW10,AP145,27-Mar-22,112.52,,20-May-22
BBCW10,AP145,28-Mar-22,113.28,,20-May-22
BBCW10,AP145,29-Mar-22,115.7,,9-Jul-22
BBCW10,AP145,30-Mar-22,105.09,,9-Jul-22
BBCW10,AP145,31-Mar-22,96.92,,9-Jul-22
BBCW10,AP145,1-Apr-22,99.78,,9-Jul-22
BBCW10,AP145,2-Apr-22,104.82,,9-Jul-22
BBCW10,AP145,3-Apr-22,93.42,,9-Jul-22
BBCW10,AP145,4-Apr-22,85.15,,9-Jul-22
BBCW10,AP145,5-Apr-22,94.96,,9-Jul-22
BBCW10,AP145,6-Apr-22,101.23,,9-Jul-22
BBCW10,AP145,7-Apr-22,101.49,,9-Jul-22
BBCW10,AP145,8-Apr-22,98.53,,9-Jul-22
BBCW10,AP145,9-Apr-22,97.3,,9-Jul-22
BBCW10,AP145,10-Apr-22,107.01,,9-Jul-22
BBCW10,AP145,11-Apr-22,108.83,,9-Jul-22
BBCW10,AP145,12-Apr-22,110.32,,9-Jul-22
BBCW10,AP145,13-Apr-22,109.45,,9-Jul-22
BBCW10,AP145,14-Apr-22,106.6,,9-Jul-22
BBCW10,AP145,15-Apr-22,96.93,,9-Jul-22
BBCW10,AP145,16-Apr-22,102.05,,9-Jul-22
BBCW10,AP145,17-Apr-22,108.04,,9-Jul-22
BBCW10,AP145,18-Apr-22,101.51,,9-Jul-22
BBCW10,AP145,19-Apr-22,103.39,,9-Jul-22
BBCW10,AP145,20-Apr-22,96.41,,9-Jul-22
BBCW10,AP145,21-Apr-22,100.7,,9-Jul-22
BBCW10,AP145,22-Apr-22,99.58,,9-Jul-22
BBCW10,AP145,23-Apr-22,102.85,,9-Jul-22
BBCW10,AP145,24-Apr-22,101.32,,9-Jul-22
BBCW10,AP145,25-Apr-22,101.9,,9-Jul-22
BBCW10,AP145,26-Apr-22,99.2,,16-Jul-22
BBCW10,AP145,27-Apr-22,108.95,,16-Jul-22
BBCW10,AP145,28-Apr-22,99.51,,16-Jul-22
BBCW10,AP145,29-Apr-22,98.97,,16-Jul-22
BBCW10,AP145,30-Apr-22,94.21,,16-Jul-22
BBCW10,AP145,1-May-22,92,,16-Jul-22
BBCW10,AP145,2-May-22,93.48,,16-Jul-22
BBCW10,AP145,3-May-22,97.05,,16-Jul-22
BBCW10,AP145,4-May-22,92.71,,16-Jul-22
BBCW10,AP145,5-May-22,87.35,,16-Jul-22
BBCW10,AP145,6-May-22,80.68,,16-Jul-22
BBCW10,AP145,7-May-22,89.72,,16-Jul-22
BBCW10,AP145,8-May-22,90.52,,16-Jul-22
BBCW10,AP145,9-May-22,93.19,,16-Jul-22
BBCW10,AP145,10-May-22,97.04,,16-Jul-22
BBCW10,AP145,11-May-22,94.92,,16-Jul-22
BBCW10,AP145,12-May-22,93.96,,16-Jul-22
BBCW10,AP145,13-May-22,98.93,,16-Jul-22
BBCW10,AP145,14-May-22,103.74,,16-Jul-22
BBCW10,AP145,15-May-22,96.86,,16-Jul-22
BBCW10,AP145,16-May-22,85.68,,16-Jul-22
BBCW10,AP145,17-May-22,82.29,,16-Jul-22
BBCW10,AP145,18-May-22,87.99,,16-Jul-22
BBCW10,AP145,19-May-22,90.34,,16-Jul-22
BBCW10,AP145,20-May-22,89.89,,16-Jul-22
BBCW10,AP145,21-May-22,96.15,,16-Jul-22
BBCW10,AP145,22-May-22,99.55,,16-Jul-22
BBCW10,AP145,23-May-22,102.22,,16-Jul-22
BBCW10,AP145,24-May-22,101.46,,16-Jul-22
BBCW10,AP145,25-May-22,100.22,,16-Jul-22
BBCW10,AP145,26-May-22,103.1,,17-Sep-22
BBCW10,AP145,27-May-22,107.4,,17-Sep-22
BBCW10,AP145,28-May-22,100.25,,17-Sep-22
BBCW10,AP145,29-May-22,88.45,,17-Sep-22
BBCW10,AP145,30-May-22,77.13,,17-Sep-22
BBCW10,AP145,31-May-22,73.72,,17-Sep-22
BBCW10,AP145,1-Jun-22,78.41,,17-Sep-22
BBCW10,AP145,2-Jun-22,82.79,,17-Sep-22
BBCW10,AP145,3-Jun-22,78.19,,17-Sep-22
BBCW10,AP145,4-Jun-22,68.82,,17-Sep-22
BBCW10,AP145,5-Jun-22,63.67,,17-Sep-22
BBCW10,AP145,6-Jun-22,72.01,,17-Sep-22
BBCW10,AP145,7-Jun-22,59.71,,17-Sep-22
BBCW10,AP145,8-Jun-22,56.26,,17-Sep-22
BBCW10,AP145,9-Jun-22,79.29,,17-Sep-22
BBCW10,AP145,10-Jun-22,65.58,,17-Sep-22
BBCW10,AP145,11-Jun-22,71.58,,17-Sep-22
BBCW10,AP145,12-Jun-22,88.19,,17-Sep-22
BBCW10,AP145,13-Jun-22,95.98,,17-Sep-22
BBCW10,AP145,14-Jun-22,106.94,,17-Sep-22
BBCW10,AP145,15-Jun-22,102.19,,17-Sep-22
BBCW10,AP145,16-Jun-22,101.49,,17-Sep-22
BBCW10,AP145,17-Jun-22,105.42,,17-Sep-22
BBCW10,AP145,18-Jun-22,107.45,,17-Sep-22
BBCW10,AP145,19-Jun-22,107.2,,17-Sep-22
BBCW10,AP145,20-Jun-22,111.32,,17-Sep-22
BBCW10,AP145,21-Jun-22,113.15,,17-Sep-22
BBCW10,AP145,22-Jun-22,119.3,,17-Sep-22
BBCW10,AP145,23-Jun-22,121.5,,17-Sep-22
BBCW10,AP145,24-Jun-22,125.44,,17-Sep-22
BBCW10,AP145,25-Jun-22,111.49,,17-Sep-22
BBCW10,AP145,26-Jun-22,100.92,,17-Sep-22
BBCW10,AP145,27-Jun-22,111.63,,17-Sep-22
BBCW10,AP145,28-Jun-22,114.79,,17-Sep-22
BBCW10,AP145,29-Jun-22,112.04,,22-Nov-22
BBCW10,AP145,30-Jun-22,106.8,,22-Nov-22
BBCW10,AP145,1-Jul-22,105.11,,22-Nov-22
BBCW10,AP145,2-Jul-22,107.18,,22-Nov-22
BBCW10,AP145,3-Jul-22,102.75,,22-Nov-22
BBCW10,AP145,4-Jul-22,95.77,,22-Nov-22
BBCW10,AP145,5-Jul-22,101.24,,22-Nov-22
BBCW10,AP145,6-Jul-22,96.15,,22-Nov-22
BBCW10,AP145,7-Jul-22,95.73,,22-Nov-22
BBCW10,AP145,8-Jul-22,95.3,,22-Nov-22
BBCW10,AP145,9-Jul-22,97.24,,22-Nov-22
BBCW10,AP145,10-Jul-22,95.6,,22-Nov-22
BBCW10,AP145,11-Jul-22,98.38,,22-Nov-22
BBCW10,AP145,12-Jul-22,97.48,,22-Nov-22
BBCW10,AP145,13-Jul-22,90.32,,22-Nov-22
BBCW10,AP145,14-Jul-22,90.53,,22-Nov-22
BBCW10,AP145,15-Jul-22,85.78,,22-Nov-22
BBCW10,AP145,16-Jul-22,77.45,,22-Nov-22
BBCW10,AP145,17-Jul-22,85.65,,22-Nov-22
BBCW10,AP145,18-Jul-22,92.77,,22-Nov-22
BBCW10,AP145,19-Jul-22,95.94,,22-Nov-22
BBCW10,AP145,20-Jul-22,95.42,,22-Nov-22
BBCW10,AP145,21-Jul-22,98.12,,22-Nov-22
BBCW10,AP145,22-Jul-22,95.34,,22-Nov-22
BBCW10,AP145,23-Jul-22,92.05,,22-Nov-22
BBCW10,AP145,24-Jul-22,92.43,,22-Nov-22
BBCW10,AP145,25-Jul-22,94.45,,22-Nov-22
BBCW10,AP145,26-Jul-22,79.97,,22-Nov-22
BBCW10,AP145,27-Jul-22,88.35,,22-Nov-22
BBCW10,AP145,28-Jul-22,95.13,,22-Nov-22
BBCW10,AP145,29-Jul-22,97.57,,22-Nov-22
BBCW10,AP145,30-Jul-22,93.43,,22-Nov-22
BBCW10,AP145,31-Jul-22,96.13,,22-Nov-22
BBCW10,AP145,1-Aug-22,96.12,,22-Nov-22
BBCW10,AP145,2-Aug-22,95.45,,22-Nov-22
BBCW10,AP145,3-Aug-22,98.84,,22-Nov-22
BBCW10,AP145,4-Aug-22,99.21,,22-Nov-22
BBCW10,AP145,5-Aug-22,93.48,,22-Nov-22
BBCW10,AP145,6-Aug-22,92.32,,22-Nov-22
BBCW10,AP145,7-Aug-22,99.58,,22-Nov-22
BBCW10,AP145,8-Aug-22,105.24,,22-Nov-22
BBCW10,AP145,9-Aug-22,101.11,,22-Nov-22
BBCW10,AP145,10-Aug-22,97.94,,22-Nov-22
BBCW10,AP145,11-Aug-22,96.82,,22-Nov-22
BBCW10,AP145,12-Aug-22,98.85,,22-Nov-22
BBCW10,AP145,13-Aug-22,87.51,,22-Nov-22
BBCW10,AP145,14-Aug-22,77.1,,22-Nov-22
BBCW10,AP145,15-Aug-22,70.54,,22-Nov-22
BBCW10,AP145,16-Aug-22,72.08,,22-Nov-22
BBCW10,AP145,17-Aug-22,72.21,,22-Nov-22
BBCW10,AP145,18-Aug-22,77.04,,22-Nov-22
BBCW10,AP145,19-Aug-22,89.35,,22-Nov-22
BBCW10,AP145,20-Aug-22,100.54,,22-Nov-22
BBCW10,AP145,21-Aug-22,100.12,,22-Nov-22
BBCW10,AP145,22-Aug-22,104.69,,22-Nov-22
BBCW10,AP145,23-Aug-22,110.19,,22-Nov-22
BBCW10,AP145,24-Aug-22,104.31,,22-Nov-22
BBCW10,AP145,25-Aug-22,106.34,,22-Nov-22
BBCW10,AP145,26-Aug-22,99.01,,22-Nov-22
BBCW10,AP145,27-Aug-22,91.28,,22-Nov-22
BBCW10,AP145,28-Aug-22,84.96,,22-Nov-22
BBCW10,AP145,29-Aug-22,83.59,,22-Nov-22
BBCW10,AP145,30-Aug-22,98.45,,22-Nov-22
BBCW10,AP145,31-Aug-22,93.57,,19-Feb-23
BBCW10,AP145,1-Sep-22,97.8,,19-Feb-23
BBCW10,AP145,2-Sep-22,103.77,,19-Feb-23
BBCW10,AP145,3-Sep-22,97.06,,19-Feb-23
BBCW10,AP145,4-Sep-22,104.29,,19-Feb-23
BBCW10,AP145,5-Sep-22,109.83,,19-Feb-23
BBCW10,AP145,6-Sep-22,107.91,,19-Feb-23
BBCW10,AP145,7-Sep-22,102.38,,19-Feb-23
BBCW10,AP145,8-Sep-22,85.32,,19-Feb-23
BBCW10,AP145,9-Sep-22,89.21,,19-Feb-23
BBCW10,AP145,10-Sep-22,101.89,,19-Feb-23
BBCW10,AP145,11-Sep-22,101.5,,19-Feb-23
BBCW10,AP145,12-Sep-22,97.25,,19-Feb-23
BBCW10,AP145,13-Sep-22,91.69,,19-Feb-23
BBCW10,AP145,14-Sep-22,83.08,,19-Feb-23
BBCW10,AP145,15-Sep-22,83.57,,19-Feb-23
BBCW10,AP145,16-Sep-22,88.08,,19-Feb-23
BBCW10,AP145,17-Sep-22,93.2,,19-Feb-23
BBCW10,AP145,18-Sep-22,94.62,,19-Feb-23
BBCW10,AP145,19-Sep-22,83.18,,19-Feb-23
BBCW10,AP145,20-Sep-22,100.03,,19-Feb-23
BBCW10,AP145,21-Sep-22,98.62,,19-Feb-23
BBCW10,AP145,22-Sep-22,88.53,,19-Feb-23
BBCW10,AP145,23-Sep-22,89.46,,19-Feb-23
BBCW10,AP145,24-Sep-22,93.15,,19-Feb-23
BBCW10,AP145,25-Sep-22,96.99,,19-Feb-23
BBCW10,AP145,26-Sep-22,92.14,,19-Feb-23
BBCW10,AP145,27-Sep-22,88.68,,19-Feb-23
BBCW10,AP145,28-Sep-22,86.03,,19-Feb-23
BBCW10,AP145,29-Sep-22,77.81,,19-Feb-23
BBCW10,AP145,30-Sep-22,86.17,,19-Feb-23
BBCW10,AP145,1-Oct-22,94.37,,19-Feb-23
BBCW10,AP145,2-Oct-22,91.21,,19-Feb-23
BBCW10,AP145,3-Oct-22,91.67,,19-Feb-23
BBCW10,AP145,4-Oct-22,99.67,,19-Feb-23
BBCW10,AP145,5-Oct-22,99.81,,19-Feb-23
BBCW10,AP145,6-Oct-22,102.54,,19-Feb-23
BBCW10,AP145,7-Oct-22,104.73,,19-Feb-23
BBCW10,AP145,8-Oct-22,103.15,,19-Feb-23
BBCW10,AP145,9-Oct-22,93.92,,19-Feb-23
BBCW10,AP145,10-Oct-22,92.5,,19-Feb-23
BBCW10,AP145,11-Oct-22,99.33,,19-Feb-23
BBCW10,AP145,12-Oct-22,103.96,,19-Feb-23
BBCW10,AP145,13-Oct-22,100.27,,19-Feb-23
BBCW10,AP145,14-Oct-22,86.85,,19-Feb-23
BBCW10,AP145,15-Oct-22,88.75,,19-Feb-23
BBCW10,AP145,16-Oct-22,99.04,,19-Feb-23
BBCW10,AP145,17-Oct-22,96.4,,19-Feb-23
BBCW10,AP145,18-Oct-22,103.83,,19-Feb-23
BBCW10,AP145,19-Oct-22,96.73,,19-Feb-23
BBCW10,AP145,20-Oct-22,99.42,,19-Feb-23
BBCW10,AP145,21-Oct-22,108.7,,19-Feb-23
BBCW10,AP145,22-Oct-22,112.15,,19-Feb-23
BBCW10,AP145,23-Oct-22,108.02,,19-Feb-23
BBCW10,AP145,24-Oct-22,107.11,,19-Feb-23
BBCW10,AP145,25-Oct-22,105.85,,19-Feb-23
BBCW10,AP145,26-Oct-22,97.09,,19-Feb-23
BBCW10,AP145,27-Oct-22,95.68,,19-Feb-23
BBCW10,AP145,28-Oct-22,95.87,,19-Feb-23
BBCW10,AP145,29-Oct-22,93.43,,19-Feb-23
BBCW10,AP145,30-Oct-22,97.24,,19-Feb-23
BBCW10,AP145,31-Oct-22,89.36,,19-Feb-23
BBCW10,AP145,1-Nov-22,97.07,,19-Feb-23
BBCW10,AP145,2-Nov-22,95.67,,19-Feb-23
BBCW10,AP145,3-Nov-22,97.42,,19-Feb-23
BBCW10,AP145,4-Nov-22,96.3,,19-Feb-23
BBCW10,AP145,5-Nov-22,91.63,,19-Feb-23
BBCW10,AP145,6-Nov-22,97.31,,19-Feb-23
BBCW10,AP145,7-Nov-22,96.33,,19-Feb-23
BBCW10,AP145,8-Nov-22,89.39,,19-Feb-23
BBCW10,AP145,9-Nov-22,88.85,,19-Feb-23
BBCW10,AP145,10-Nov-22,92.01,,19-Feb-23
BBCW10,AP145,11-Nov-22,90.88,,19-Feb-23
BBCW10,AP145,12-Nov-22,86.63,,19-Feb-23
BBCW10,AP145,13-Nov-22,89.04,,19-Feb-23
BBCW10,AP145,14-Nov-22,89.29,,19-Feb-23
BBCW10,AP145,15-Nov-22,90.83,,19-Feb-23
BBCW10,AP145,16-Nov-22,90.97,,19-Feb-23
BBCW10,AP145,17-Nov-22,88.34,,19-Feb-23
BBCW10,AP145,18-Nov-22,94.82,,19-Feb-23
BBCW10,AP145,19-Nov-22,94.6,,19-Feb-23
BBCW10,AP145,20-Nov-22,94.93,,19-Feb-23
BBCW10,AP145,21-Nov-22,90.52,,19-Feb-23
BBCW10,AP145,22-Nov-22,81.02,,19-Feb-23
BBCW10,AP145,23-Nov-22,78.55,,19-Feb-23
BBCW10,AP145,24-Nov-22,83.12,,19-Feb-23
BBCW10,AP145,25-Nov-22,88.08,,19-Feb-23
BBCW10,AP145,26-Nov-22,85.7,,19-Feb-23
BBCW10,AP145,27-Nov-22,88.85,,19-Feb-23
BBCW10,AP145,28-Nov-22,89.08,,19-Feb-23
BBCW10,AP145,29-Nov-22,95.29,,19-Feb-23
BBCW10,AP145,30-Nov-22,94.48,,19-Feb-23
BBCW10,AP145,1-Dec-22,91.95,,19-Feb-23
BBCW10,AP145,2-Dec-22,98.44,,19-Feb-23
BBCW10,AP145,3-Dec-22,99.23,,19-Feb-23
BBCW10,AP145,4-Dec-22,98.14,,19-Feb-23
BBCW10,AP145,5-Dec-22,96.98,,12-Apr-23
BBCW10,AP145,6-Dec-22,96.81,,12-Apr-23
BBCW10,AP145,7-Dec-22,93.14,,12-Apr-23
BBCW10,AP145,8-Dec-22,97.02,,12-Apr-23
BBCW10,AP145,9-Dec-22,96.63,,12-Apr-23
BBCW10,AP145,10-Dec-22,93.89,,12-Apr-23
BBCW10,AP145,11-Dec-22,95.44,,12-Apr-23
BBCW10,AP145,12-Dec-22,93.76,,12-Apr-23
BBCW10,AP145,13-Dec-22,101.45,,12-Apr-23
BBCW10,AP145,14-Dec-22,100.82,,12-Apr-23
BBCW10,AP145,15-Dec-22,100.53,,12-Apr-23
BBCW10,AP145,16-Dec-22,94.81,,12-Apr-23
BBCW10,AP145,17-Dec-22,86.02,,12-Apr-23
BBCW10,AP145,18-Dec-22,89.75,,12-Apr-23
BBCW10,AP145,19-Dec-22,95.18,,12-Apr-23
BBCW10,AP145,20-Dec-22,95.36,,12-Apr-23
BBCW10,AP145,21-Dec-22,94.15,,12-Apr-23
BBCW10,AP145,22-Dec-22,100.46,,12-Apr-23
BBCW10,AP145,23-Dec-22,95.39,,12-Apr-23
BBCW10,AP145,24-Dec-22,96.57,,12-Apr-23
BBCW10,AP145,25-Dec-22,93.33,,12-Apr-23
BBCW10,AP145,26-Dec-22,93.27,,12-Apr-23
BBCW10,AP145,27-Dec-22,97.51,,12-Apr-23
BBCW10,AP145,28-Dec-22,103.88,,12-Apr-23
BBCW10,AP145,29-Dec-22,110.27,,12-Apr-23
BBCW10,AP145,30-Dec-22,109.85,,12-Apr-23
BBCW10,AP145,31-Dec-22,121.67,,12-Apr-23
BBCW10,AP145,1-Jan-23,124.72,,12-Apr-23
BBCW10,AP145,2-Jan-23,115.39,,12-Apr-23
BBCW10,AP145,3-Jan-23,112.6,,12-Apr-23
BBCW10,AP145,4-Jan-23,106.67,,12-Apr-23
BBCW10,AP145,5-Jan-23,103.87,,12-Apr-23
BBCW10,AP145,6-Jan-23,103.63,,12-Apr-23
BBCW10,AP145,7-Jan-23,99.09,,12-Apr-23
BBCW10,AP145,8-Jan-23,97.93,,12-Apr-23
BBCW10,AP145,9-Jan-23,104.18,,12-Apr-23
BBCW10,AP145,10-Jan-23,103.08,,12-Apr-23
BBCW10,AP145,11-Jan-23,101.31,,12-Apr-23
BBCW10,AP145,12-Jan-23,105.9,,12-Apr-23
BBCW10,AP145,13-Jan-23,103.88,,12-Apr-23
BBCW10,AP145,14-Jan-23,98.23,,12-Apr-23
BBCW10,AP145,15-Jan-23,100.15,,12-Apr-23
BBCW10,AP145,16-Jan-23,105.23,,12-Apr-23
BBCW10,AP145,17-Jan-23,116.32,,12-Apr-23
BBCW10,AP145,18-Jan-23,113.55,,12-Apr-23
BBCW10,AP145,19-Jan-23,116.6,,12-Apr-23
BBCW10,AP145,20-Jan-23,116.03,,12-Apr-23
BBCW10,AP145,21-Jan-23,114.74,,12-Apr-23
BBCW10,AP145,22-Jan-23,111.33,,12-Apr-23
BBCW10,AP145,23-Jan-23,101.18,,12-Apr-23
BBCW10,AP145,24-Jan-23,100.66,,12-Apr-23
BBCW10,AP145,25-Jan-23,99.32,,12-Apr-23
BBCW10,AP145,26-Jan-23,95.83,,12-Apr-23
BBCW10,AP145,27-Jan-23,98.11,,12-Apr-23
BBCW10,AP145,28-Jan-23,100.55,,12-Apr-23
BBCW10,AP145,29-Jan-23,102.23,,12-Apr-23
BBCW10,AP145,30-Jan-23,106.15,,12-Apr-23
BBCW10,AP145,31-Jan-23,107.26,,12-Apr-23
BBCW10,AP145,1-Feb-23,103.72,,12-Apr-23
BBCW10,AP145,2-Feb-23,106.69,,12-Apr-23
BBCW10,AP145,3-Feb-23,101.44,,12-Apr-23
BBCW10,AP145,4-Feb-23,93.67,,12-Apr-23
BBCW10,AP145,5-Feb-23,92.4,,12-Apr-23
BBCW10,AP145,6-Feb-23,89.02,,12-Apr-23
BBCW10,AP145,7-Feb-23,93.48,,12-Apr-23
BBCW10,AP145,8-Feb-23,94.49,,12-Apr-23
BBCW10,AP145,9-Feb-23,99.82,,12-Apr-23
BBCW10,AP145,10-Feb-23,103.09,,12-Apr-23
BBCW10,AP145,11-Feb-23,104.12,,12-Apr-23
BBCW10,AP145,12-Feb-23,96.31,,12-Apr-23
BBCW10,AP145,13-Feb-23,102.22,,12-Apr-23
BBCW10,AP145,14-Feb-23,101.26,,12-Apr-23
BBCW10,AP145,15-Feb-23,112.41,,12-Apr-23
BBCW10,AP145,16-Feb-23,109.88,,12-Apr-23
BBCW10,AP145,17-Feb-23,104.37,,12-Apr-23
BBCW10,AP145,18-Feb-23,103.16,,12-Apr-23
BBCW10,AP145,19-Feb-23,100.61,,12-Apr-23
BBCW10,AP145,20-Feb-23,108.26,,12-Apr-23
BBCW10,AP145,21-Feb-23,106.17,,12-Apr-23
BBCW10,AP145,22-Feb-23,102.9,,12-Apr-23
BBCW10,AP145,23-Feb-23,105.11,,3-Jun-23
BBCW10,AP145,24-Feb-23,102.59,,3-Jun-23
BBCW10,AP145,25-Feb-23,102.58,,3-Jun-23
BBCW10,AP145,26-Feb-23,102.03,,3-Jun-23
BBCW10,AP145,27-Feb-23,104.36,,3-Jun-23
BBCW10,AP145,28-Feb-23,103.28,,3-Jun-23
BBCW10,AP145,1-Mar-23,102.72,,3-Jun-23
BBCW10,AP145,2-Mar-23,103.74,,3-Jun-23
BBCW10,AP145,3-Mar-23,104.44,,3-Jun-23
BBCW10,AP145,4-Mar-23,102.49,,3-Jun-23
BBCW10,AP145,5-Mar-23,103.05,,3-Jun-23
BBCW10,AP145,6-Mar-23,100.84,,3-Jun-23
BBCW10,AP145,7-Mar-23,96.28,,3-Jun-23
BBCW10,AP145,8-Mar-23,96.72,,3-Jun-23
BBCW10,AP145,9-Mar-23,97.36,,3-Jun-23
BBCW10,AP145,10-Mar-23,100.36,,3-Jun-23
BBCW10,AP145,11-Mar-23,98.8,,3-Jun-23
BBCW10,AP145,12-Mar-23,103.06,,3-Jun-23
BBCW10,AP145,13-Mar-23,99.34,,3-Jun-23
BBCW10,AP145,14-Mar-23,97.34,,3-Jun-23
BBCW10,AP145,15-Mar-23,92.94,,3-Jun-23
BBCW10,AP145,16-Mar-23,99.71,,3-Jun-23
BBCW10,AP145,17-Mar-23,107.07,,3-Jun-23
BBCW10,AP145,18-Mar-23,107.68,,3-Jun-23
BBCW10,AP145,19-Mar-23,102,,3-Jun-23
BBCW10,AP145,20-Mar-23,98.95,,3-Jun-23
BBCW10,AP145,21-Mar-23,102.56,,3-Jun-23
BBCW10,AP145,22-Mar-23,105.84,,3-Jun-23
BBCW10,AP145,23-Mar-23,103.79,,3-Jun-23
BBCW10,AP145,24-Mar-23,104.7,,3-Jun-23
BBCW10,AP145,25-Mar-23,106.06,,3-Jun-23
BBCW10,AP145,26-Mar-23,105.58,,3-Jun-23
BBCW10,AP145,27-Mar-23,104.1,,3-Jun-23
BBCW10,AP145,28-Mar-23,103.06,,3-Jun-23
BBCW10,AP145,29-Mar-23,99.92,,3-Jun-23
BBCW10,AP145,30-Mar-23,91.83,,3-Jun-23
BBCW10,AP145,31-Mar-23,98.42,,3-Jun-23
BBCW10,AP145,1-Apr-23,103.94,,3-Jun-23
BBCW10,AP145,2-Apr-23,103.44,,3-Jun-23
BBCW10,AP145,3-Apr-23,107.64,,3-Jun-23
BBCW10,AP145,4-Apr-23,103.1,,3-Jun-23
BBCW10,AP145,5-Apr-23,99.66,,3-Jun-23
BBCW10,AP145,6-Apr-23,100.07,,3-Jun-23
BBCW10,AP145,7-Apr-23,101.04,,3-Jun-23
BBCW10,AP145,8-Apr-23,108.69,,3-Jun-23
BBCW10,AP145,9-Apr-23,96.07,,3-Jun-23
BBCW10,AP145,10-Apr-23,93.53,,3-Jun-23
BBCW10,AP145,11-Apr-23,89.64,,3-Jun-23
BBCW10,AP145,12-Apr-23,88.97,,3-Jun-23
BBCW10,AP145,13-Apr-23,84.92,,10-Jun-23
BBCW10,AP145,14-Apr-23,93.55,,10-Jun-23
BBCW10,AP145,15-Apr-23,98.21,,10-Jun-23
BBCW10,AP145,16-Apr-23,95.74,,10-Jun-23
BBCW10,AP145,17-Apr-23,90.93,,10-Jun-23
BBCW10,AP145,18-Apr-23,96.2,,10-Jun-23
BBCW10,AP145,19-Apr-23,97.58,,10-Jun-23
BBCW10,AP145,20-Apr-23,101.04,,10-Jun-23
BBCW10,AP145,21-Apr-23,99.55,,10-Jun-23
BBCW10,AP145,22-Apr-23,95.54,,10-Jun-23
BBCW10,AP145,23-Apr-23,93.38,,10-Jun-23
BBCW10,AP145,24-Apr-23,98.77,,10-Jun-23
BBCW10,AP145,25-Apr-23,95.68,,10-Jun-23
BBCW10,AP145,26-Apr-23,101.07,,10-Jun-23
BBCW10,AP145,27-Apr-23,97.97,,10-Jun-23
BBCW10,AP145,28-Apr-23,96.98,,10-Jun-23
BBCW10,AP145,29-Apr-23,97.42,,10-Jun-23
BBCW10,AP145,30-Apr-23,94.05,,10-Jun-23
BBCW10,AP145,1-May-23,95.34,,10-Jun-23
BBCW10,AP145,2-May-23,102.04,,10-Jun-23
BBCW10,AP145,3-May-23,101.7,,10-Jun-23
BBCW10,AP145,4-May-23,103.63,,10-Jun-23
BBCW10,AP145,5-May-23,92.27,,10-Jun-23
BBCW10,AP145,6-May-23,100.45,,10-Jun-23
BBCW10,AP145,7-May-23,91.83,,10-Jun-23
BBCW10,AP145,8-May-23,94.56,,10-Jun-23
BBCW10,AP145,9-May-23,99.69,,10-Jun-23
BBCW10,AP145,10-May-23,92.12,,10-Jun-23
BBCW10,AP145,11-May-23,97.56,,10-Jun-23
BBCW10,AP145,12-May-23,97.9,,10-Jun-23
BBCW10,AP145,13-May-23,99.11,,10-Jun-23
BBCW10,AP145,14-May-23,99.9,,10-Jun-23
BBCW10,AP145,15-May-23,101.61,,10-Jun-23
BBCW10,AP145,16-May-23,97.31,,10-Jun-23
BBCW10,AP145,17-May-23,89.84,,10-Jun-23
BBCW10,AP145,18-May-23,91.77,,10-Jun-23
BBCW10,AP145,19-May-23,81.8,,10-Jun-23
BBCW10,AP145,20-May-23,84.74,,10-Jun-23
BBCW10,AP145,21-May-23,86.42,,10-Jun-23
BBCW10,AP145,22-May-23,85.75,,10-Jun-23
BBCW10,AP145,23-May-23,83.05,P,1-Jun-23
BBCW10,AP145,24-May-23,82.98,P,6-Jul-23
BBCW10,AP145,25-May-23,84.15,P,26-May-23
BBCW10,AP145,26-May-23,84.88,P,6-Jul-23
BBCW10,AP145,27-May-23,96.77,P,6-Jul-23
BBCW10,AP145,28-May-23,113.91,P,6-Jul-23
BBCW10,AP145,29-May-23,113.34,P,6-Jul-23
BBCW10,AP145,30-May-23,105.82,P,6-Jul-23
BBCW10,AP145,31-May-23,97.73,P,6-Jul-23
BBCW10,AP145,1-Jun-23,94.68,P,2-Jun-23
BBCW10,AP145,2-Jun-23,87.88,P,6-Jul-23
BBCW10,AP145,3-Jun-23,90.59,P,6-Jul-23
BBCW10,AP145,4-Jun-23,89.14,P,6-Jul-23
BBCW10,AP145,5-Jun-23,90.95,P,6-Jul-23
BBCW10,AP145,6-Jun-23,94.17,P,6-Jul-23
BBCW10,AP145,7-Jun-23,90.84,P,6-Jul-23
BBCW10,AP145,8-Jun-23,97.07,P,6-Jul-23
BBCW10,AP145,9-Jun-23,96.88,P,6-Jul-23
BBCW10,AP145,10-Jun-23,103.32,P,6-Jul-23
BBCW10,AP145,11-Jun-23,89.39,P,6-Jul-23
BBCW10,AP145,12-Jun-23,84.09,P,6-Jul-23
BBCW10,AP145,13-Jun-23,89.59,P,6-Jul-23
BBCW10,AP145,14-Jun-23,96.37,P,6-Jul-23
BBCW10,AP145,15-Jun-23,100.73,P,6-Jul-23
BBCW10,AP145,16-Jun-23,98.76,P,6-Jul-23
BBCW10,AP145,17-Jun-23,89.78,P,6-Jul-23
BBCW10,AP145,18-Jun-23,81.19,P,6-Jul-23
BBCW10,AP145,19-Jun-23,76.34,P,6-Jul-23
BBCW10,AP145,20-Jun-23,72.76,P,6-Jul-23
BBCW10,AP145,21-Jun-23,92.16,P,6-Jul-23
BBCW10,AP145,22-Jun-23,92.64,P,6-Jul-23
BBCW10,AP145,23-Jun-23,96.35,P,6-Jul-23
BBCW10,AP145,24-Jun-23,93.16,P,6-Jul-23
BBCW10,AP145,25-Jun-23,78.76,P,6-Jul-23
BBCW10,AP145,26-Jun-23,80.85,P,6-Jul-23
BBCW10,AP145,27-Jun-23,90.38,P,6-Jul-23
BBCW10,AP145,28-Jun-23,89.88,P,29-Jun-23
BBCW10,AP145,29-Jun-23,87.37,P,6-Jul-23
BBCW10,AP145,30-Jun-23,83.84,P,6-Jul-23
BBCW10,AP145,1-Jul-23,84.47,P,2-Jul-23
BBCW10,AP145,2-Jul-23,82.19,P,3-Jul-23
BBCW10,AP145,3-Jul-23,86.89,P,4-Jul-23
BBCW10,AP145,4-Jul-23,81.31,P,5-Jul-23
BBCW10,AP145,5-Jul-23,93.72,P,6-Jul-23
BBCW10,AP145,6-Jul-23,92.5,P,11-Jul-23
BBCW10,AP145,7-Jul-23,96.82,P,9-Jul-23
BBCW10,AP145,8-Jul-23,115.42,P,9-Jul-23
BBCW10,AP145,9-Jul-23,111.24,P,10-Jul-23
BBCW10,AP145,10-Jul-23,111.97,P,11-Jul-23
 ,,,,,
