﻿Station,DBKEY,Daily Date,Data Value,Qualifer,Revision Date
BBCW10,AP148,29-Sep-21,20.22,,30-Nov-21
BBCW10,AP148,30-Sep-21,20,,30-Nov-21
BBCW10,AP148,1-Oct-21,20.09,,30-Nov-21
BBCW10,AP148,2-Oct-21,18.74,,30-Nov-21
BBCW10,AP148,3-Oct-21,18.33,,30-Nov-21
BBCW10,AP148,4-Oct-21,16.53,,30-Nov-21
BBCW10,AP148,5-Oct-21,17.49,,30-Nov-21
BBCW10,AP148,6-Oct-21,18.7,,30-Nov-21
BBCW10,AP148,7-Oct-21,20.49,,30-Nov-21
BBCW10,AP148,8-Oct-21,20.88,,30-Nov-21
BBCW10,AP148,9-Oct-21,20.61,,30-Nov-21
BBCW10,AP148,10-Oct-21,22.04,,30-Nov-21
BBCW10,AP148,11-Oct-21,24.11,,30-Nov-21
BBCW10,AP148,12-Oct-21,24.96,,30-Nov-21
BBCW10,AP148,13-Oct-21,23.52,,30-Nov-21
BBCW10,AP148,14-Oct-21,22.15,,30-Nov-21
BBCW10,AP148,15-Oct-21,21.18,,30-Nov-21
BBCW10,AP148,16-Oct-21,20.96,,30-Nov-21
BBCW10,AP148,17-Oct-21,23,,30-Nov-21
BBCW10,AP148,18-Oct-21,24.25,,30-Nov-21
BBCW10,AP148,19-Oct-21,21.13,,30-Nov-21
BBCW10,AP148,20-Oct-21,20.13,,30-Nov-21
BBCW10,AP148,21-Oct-21,17.81,,30-Nov-21
BBCW10,AP148,22-Oct-21,16.75,,30-Nov-21
BBCW10,AP148,23-Oct-21,14.5,,30-Nov-21
BBCW10,AP148,24-Oct-21,15.84,,30-Nov-21
BBCW10,AP148,25-Oct-21,19.27,,30-Nov-21
BBCW10,AP148,26-Oct-21,23.21,,7-Jan-22
BBCW10,AP148,27-Oct-21,25.69,,7-Jan-22
BBCW10,AP148,28-Oct-21,25.66,,7-Jan-22
BBCW10,AP148,29-Oct-21,21.62,,7-Jan-22
BBCW10,AP148,30-Oct-21,23.99,,7-Jan-22
BBCW10,AP148,31-Oct-21,25.35,,7-Jan-22
BBCW10,AP148,1-Nov-21,24.9,,7-Jan-22
BBCW10,AP148,2-Nov-21,24.39,,7-Jan-22
BBCW10,AP148,3-Nov-21,22.89,,7-Jan-22
BBCW10,AP148,4-Nov-21,21.14,,7-Jan-22
BBCW10,AP148,5-Nov-21,21.36,,7-Jan-22
BBCW10,AP148,6-Nov-21,19.78,,7-Jan-22
BBCW10,AP148,7-Nov-21,19.89,,7-Jan-22
BBCW10,AP148,8-Nov-21,20.01,,7-Jan-22
BBCW10,AP148,9-Nov-21,20.97,,7-Jan-22
BBCW10,AP148,10-Nov-21,21.51,,7-Jan-22
BBCW10,AP148,11-Nov-21,21.74,,7-Jan-22
BBCW10,AP148,12-Nov-21,22.23,,7-Jan-22
BBCW10,AP148,13-Nov-21,23.02,,7-Jan-22
BBCW10,AP148,14-Nov-21,23.44,,7-Jan-22
BBCW10,AP148,15-Nov-21,24.83,,7-Jan-22
BBCW10,AP148,16-Nov-21,23.73,,7-Jan-22
BBCW10,AP148,17-Nov-21,21.76,,7-Jan-22
BBCW10,AP148,18-Nov-21,17.91,,7-Jan-22
BBCW10,AP148,19-Nov-21,17.63,,7-Jan-22
BBCW10,AP148,20-Nov-21,19.68,,7-Jan-22
BBCW10,AP148,21-Nov-21,13.9,,1-Mar-22
BBCW10,AP148,22-Nov-21,18.35,,1-Mar-22
BBCW10,AP148,23-Nov-21,20.18,,1-Mar-22
BBCW10,AP148,24-Nov-21,20.54,,1-Mar-22
BBCW10,AP148,25-Nov-21,18.88,,1-Mar-22
BBCW10,AP148,26-Nov-21,19.48,,1-Mar-22
BBCW10,AP148,27-Nov-21,21.73,,1-Mar-22
BBCW10,AP148,28-Nov-21,22.97,,1-Mar-22
BBCW10,AP148,29-Nov-21,23.3,,1-Mar-22
BBCW10,AP148,30-Nov-21,22.76,,1-Mar-22
BBCW10,AP148,1-Dec-21,20.64,,1-Mar-22
BBCW10,AP148,2-Dec-21,22.02,,1-Mar-22
BBCW10,AP148,3-Dec-21,21.98,,1-Mar-22
BBCW10,AP148,4-Dec-21,21.3,,1-Mar-22
BBCW10,AP148,5-Dec-21,20.38,,1-Mar-22
BBCW10,AP148,6-Dec-21,20.2,,1-Mar-22
BBCW10,AP148,7-Dec-21,20.97,,1-Mar-22
BBCW10,AP148,8-Dec-21,21.04,,1-Mar-22
BBCW10,AP148,9-Dec-21,20.38,,1-Mar-22
BBCW10,AP148,10-Dec-21,19.65,,1-Mar-22
BBCW10,AP148,11-Dec-21,20.12,,1-Mar-22
BBCW10,AP148,12-Dec-21,17.31,,1-Mar-22
BBCW10,AP148,13-Dec-21,16.97,,1-Mar-22
BBCW10,AP148,14-Dec-21,15.71,,1-Mar-22
BBCW10,AP148,15-Dec-21,16.2,,1-Mar-22
BBCW10,AP148,16-Dec-21,14.28,,1-Mar-22
BBCW10,AP148,17-Dec-21,13.49,,1-Mar-22
BBCW10,AP148,18-Dec-21,15.4,,1-Mar-22
BBCW10,AP148,19-Dec-21,17.66,,1-Mar-22
BBCW10,AP148,20-Dec-21,19.07,,1-Mar-22
BBCW10,AP148,21-Dec-21,18.15,,1-Mar-22
BBCW10,AP148,22-Dec-21,20.33,,1-Mar-22
BBCW10,AP148,23-Dec-21,20.97,,1-Mar-22
BBCW10,AP148,24-Dec-21,20.19,,1-Mar-22
BBCW10,AP148,25-Dec-21,19.61,,1-Mar-22
BBCW10,AP148,26-Dec-21,19.37,,1-Mar-22
BBCW10,AP148,27-Dec-21,21.14,,1-Mar-22
BBCW10,AP148,28-Dec-21,22.12,,1-Mar-22
BBCW10,AP148,29-Dec-21,21.59,,1-Mar-22
BBCW10,AP148,30-Dec-21,22.55,,1-Mar-22
BBCW10,AP148,31-Dec-21,21.38,,1-Mar-22
BBCW10,AP148,1-Jan-22,23.08,,1-Mar-22
BBCW10,AP148,2-Jan-22,23.93,,1-Mar-22
BBCW10,AP148,3-Jan-22,22.99,,1-Mar-22
BBCW10,AP148,4-Jan-22,23.55,,1-Mar-22
BBCW10,AP148,5-Jan-22,23.01,,1-Mar-22
BBCW10,AP148,6-Jan-22,23.02,,1-Mar-22
BBCW10,AP148,7-Jan-22,23.32,,1-Mar-22
BBCW10,AP148,8-Jan-22,19.58,,1-Mar-22
BBCW10,AP148,9-Jan-22,16.36,,1-Mar-22
BBCW10,AP148,10-Jan-22,17.16,,1-Mar-22
BBCW10,AP148,11-Jan-22,19.28,,1-Mar-22
BBCW10,AP148,12-Jan-22,20.26,,1-Mar-22
BBCW10,AP148,13-Jan-22,20.14,,1-Mar-22
BBCW10,AP148,14-Jan-22,22.85,,1-Mar-22
BBCW10,AP148,15-Jan-22,23.2,,1-Mar-22
BBCW10,AP148,16-Jan-22,22.1,,1-Mar-22
BBCW10,AP148,17-Jan-22,21.13,,1-Mar-22
BBCW10,AP148,18-Jan-22,21.18,,20-May-22
BBCW10,AP148,19-Jan-22,20.76,,20-May-22
BBCW10,AP148,20-Jan-22,19.78,,20-May-22
BBCW10,AP148,21-Jan-22,18.97,,20-May-22
BBCW10,AP148,22-Jan-22,20.63,,20-May-22
BBCW10,AP148,23-Jan-22,20.88,,20-May-22
BBCW10,AP148,24-Jan-22,21.06,,20-May-22
BBCW10,AP148,25-Jan-22,20.08,,20-May-22
BBCW10,AP148,26-Jan-22,20.13,,20-May-22
BBCW10,AP148,27-Jan-22,20.44,,20-May-22
BBCW10,AP148,28-Jan-22,23.14,,20-May-22
BBCW10,AP148,29-Jan-22,24.84,,20-May-22
BBCW10,AP148,30-Jan-22,22.69,,20-May-22
BBCW10,AP148,31-Jan-22,22.96,,20-May-22
BBCW10,AP148,1-Feb-22,21.15,,20-May-22
BBCW10,AP148,2-Feb-22,20.74,,20-May-22
BBCW10,AP148,3-Feb-22,20.59,,20-May-22
BBCW10,AP148,4-Feb-22,19.62,,20-May-22
BBCW10,AP148,5-Feb-22,20,,20-May-22
BBCW10,AP148,6-Feb-22,21.16,,20-May-22
BBCW10,AP148,7-Feb-22,21.24,,20-May-22
BBCW10,AP148,8-Feb-22,22.19,,20-May-22
BBCW10,AP148,9-Feb-22,23.12,,20-May-22
BBCW10,AP148,10-Feb-22,24.07,,20-May-22
BBCW10,AP148,11-Feb-22,22.1,,20-May-22
BBCW10,AP148,12-Feb-22,21.57,,20-May-22
BBCW10,AP148,13-Feb-22,20.21,,20-May-22
BBCW10,AP148,14-Feb-22,22.44,,20-May-22
BBCW10,AP148,15-Feb-22,22.41,,20-May-22
BBCW10,AP148,16-Feb-22,20.74,,20-May-22
BBCW10,AP148,17-Feb-22,20.09,,20-May-22
BBCW10,AP148,18-Feb-22,19.4,,20-May-22
BBCW10,AP148,19-Feb-22,21.41,,20-May-22
BBCW10,AP148,20-Feb-22,22.67,,20-May-22
BBCW10,AP148,21-Feb-22,18.17,,20-May-22
BBCW10,AP148,22-Feb-22,16.53,,20-May-22
BBCW10,AP148,23-Feb-22,15.43,,20-May-22
BBCW10,AP148,24-Feb-22,15.3,,20-May-22
BBCW10,AP148,25-Feb-22,13.99,,20-May-22
BBCW10,AP148,26-Feb-22,13.83,,20-May-22
BBCW10,AP148,27-Feb-22,16.88,,20-May-22
BBCW10,AP148,28-Feb-22,21.97,,20-May-22
BBCW10,AP148,1-Mar-22,23.62,,20-May-22
BBCW10,AP148,2-Mar-22,23.64,,20-May-22
BBCW10,AP148,3-Mar-22,22.52,,20-May-22
BBCW10,AP148,4-Mar-22,22.58,,20-May-22
BBCW10,AP148,5-Mar-22,21.01,,20-May-22
BBCW10,AP148,6-Mar-22,19.12,,20-May-22
BBCW10,AP148,7-Mar-22,20.6,,20-May-22
BBCW10,AP148,8-Mar-22,22.94,,20-May-22
BBCW10,AP148,9-Mar-22,26.28,,20-May-22
BBCW10,AP148,10-Mar-22,28.14,,20-May-22
BBCW10,AP148,11-Mar-22,29.55,,20-May-22
BBCW10,AP148,12-Mar-22,30.29,,20-May-22
BBCW10,AP148,13-Mar-22,29.4,,20-May-22
BBCW10,AP148,14-Mar-22,24.53,,20-May-22
BBCW10,AP148,15-Mar-22,23.2,,20-May-22
BBCW10,AP148,16-Mar-22,24.3,,20-May-22
BBCW10,AP148,17-Mar-22,26.32,,20-May-22
BBCW10,AP148,18-Mar-22,27.3,,20-May-22
BBCW10,AP148,19-Mar-22,28.41,,20-May-22
BBCW10,AP148,20-Mar-22,26.72,,20-May-22
BBCW10,AP148,21-Mar-22,24.13,,20-May-22
BBCW10,AP148,22-Mar-22,21.24,,20-May-22
BBCW10,AP148,23-Mar-22,23.36,,20-May-22
BBCW10,AP148,24-Mar-22,25.62,,20-May-22
BBCW10,AP148,25-Mar-22,25.93,,20-May-22
BBCW10,AP148,26-Mar-22,26.76,,20-May-22
BBCW10,AP148,27-Mar-22,27.59,,20-May-22
BBCW10,AP148,28-Mar-22,26.97,,20-May-22
BBCW10,AP148,29-Mar-22,26.84,,9-Jul-22
BBCW10,AP148,30-Mar-22,28.61,,9-Jul-22
BBCW10,AP148,31-Mar-22,30.79,,9-Jul-22
BBCW10,AP148,1-Apr-22,31.98,,9-Jul-22
BBCW10,AP148,2-Apr-22,32.61,,9-Jul-22
BBCW10,AP148,3-Apr-22,31.43,,9-Jul-22
BBCW10,AP148,4-Apr-22,30.17,,9-Jul-22
BBCW10,AP148,5-Apr-22,33.09,,9-Jul-22
BBCW10,AP148,6-Apr-22,34.2,,9-Jul-22
BBCW10,AP148,7-Apr-22,33.99,,9-Jul-22
BBCW10,AP148,8-Apr-22,33.27,,9-Jul-22
BBCW10,AP148,9-Apr-22,31.35,,9-Jul-22
BBCW10,AP148,10-Apr-22,33.94,,9-Jul-22
BBCW10,AP148,11-Apr-22,33.4,,9-Jul-22
BBCW10,AP148,12-Apr-22,32.51,,9-Jul-22
BBCW10,AP148,13-Apr-22,32.72,,9-Jul-22
BBCW10,AP148,14-Apr-22,33.47,,9-Jul-22
BBCW10,AP148,15-Apr-22,34.05,,9-Jul-22
BBCW10,AP148,16-Apr-22,34.24,,9-Jul-22
BBCW10,AP148,17-Apr-22,33.28,,9-Jul-22
BBCW10,AP148,18-Apr-22,33.03,,9-Jul-22
BBCW10,AP148,19-Apr-22,32.64,,9-Jul-22
BBCW10,AP148,20-Apr-22,30.63,,9-Jul-22
BBCW10,AP148,21-Apr-22,28.87,,9-Jul-22
BBCW10,AP148,22-Apr-22,31.28,,9-Jul-22
BBCW10,AP148,23-Apr-22,31.21,,9-Jul-22
BBCW10,AP148,24-Apr-22,29.9,,9-Jul-22
BBCW10,AP148,25-Apr-22,27.07,,9-Jul-22
BBCW10,AP148,26-Apr-22,25.46,,16-Jul-22
BBCW10,AP148,27-Apr-22,27.64,,16-Jul-22
BBCW10,AP148,28-Apr-22,32.07,,16-Jul-22
BBCW10,AP148,29-Apr-22,32.12,,16-Jul-22
BBCW10,AP148,30-Apr-22,32.09,,16-Jul-22
BBCW10,AP148,1-May-22,31.99,,16-Jul-22
BBCW10,AP148,2-May-22,32.15,,16-Jul-22
BBCW10,AP148,3-May-22,32.42,,16-Jul-22
BBCW10,AP148,4-May-22,33.43,,16-Jul-22
BBCW10,AP148,5-May-22,33.11,,16-Jul-22
BBCW10,AP148,6-May-22,34.52,,16-Jul-22
BBCW10,AP148,7-May-22,34.84,,16-Jul-22
BBCW10,AP148,8-May-22,35.83,,16-Jul-22
BBCW10,AP148,9-May-22,35.58,,16-Jul-22
BBCW10,AP148,10-May-22,32.53,,16-Jul-22
BBCW10,AP148,11-May-22,30.97,,16-Jul-22
BBCW10,AP148,12-May-22,31.5,,16-Jul-22
BBCW10,AP148,13-May-22,32.55,,16-Jul-22
BBCW10,AP148,14-May-22,32.82,,16-Jul-22
BBCW10,AP148,15-May-22,32.85,,16-Jul-22
BBCW10,AP148,16-May-22,31.5,,16-Jul-22
BBCW10,AP148,17-May-22,30.81,,16-Jul-22
BBCW10,AP148,18-May-22,31.02,,16-Jul-22
BBCW10,AP148,19-May-22,31.26,,16-Jul-22
BBCW10,AP148,20-May-22,32.53,,16-Jul-22
BBCW10,AP148,21-May-22,33.77,,16-Jul-22
BBCW10,AP148,22-May-22,34.82,,16-Jul-22
BBCW10,AP148,23-May-22,34.62,,16-Jul-22
BBCW10,AP148,24-May-22,35.17,,16-Jul-22
BBCW10,AP148,25-May-22,36.27,,16-Jul-22
BBCW10,AP148,26-May-22,36.87,,17-Sep-22
BBCW10,AP148,27-May-22,38.44,,17-Sep-22
BBCW10,AP148,28-May-22,38.66,,17-Sep-22
BBCW10,AP148,29-May-22,37.81,,17-Sep-22
BBCW10,AP148,30-May-22,32.96,,17-Sep-22
BBCW10,AP148,31-May-22,26.12,,17-Sep-22
BBCW10,AP148,1-Jun-22,31.45,,17-Sep-22
BBCW10,AP148,2-Jun-22,29.77,,17-Sep-22
BBCW10,AP148,3-Jun-22,27.08,,17-Sep-22
BBCW10,AP148,4-Jun-22,10.33,,17-Sep-22
BBCW10,AP148,5-Jun-22,12.48,,17-Sep-22
BBCW10,AP148,6-Jun-22,14.25,,17-Sep-22
BBCW10,AP148,7-Jun-22,9.15,,17-Sep-22
BBCW10,AP148,8-Jun-22,10.23,,17-Sep-22
BBCW10,AP148,9-Jun-22,14.4,,17-Sep-22
BBCW10,AP148,10-Jun-22,13.04,,17-Sep-22
BBCW10,AP148,11-Jun-22,12.46,,17-Sep-22
BBCW10,AP148,12-Jun-22,12.96,,17-Sep-22
BBCW10,AP148,13-Jun-22,12.17,,17-Sep-22
BBCW10,AP148,14-Jun-22,12.24,,17-Sep-22
BBCW10,AP148,15-Jun-22,11.84,,17-Sep-22
BBCW10,AP148,16-Jun-22,12.36,,17-Sep-22
BBCW10,AP148,17-Jun-22,15.41,,17-Sep-22
BBCW10,AP148,18-Jun-22,15.41,,17-Sep-22
BBCW10,AP148,19-Jun-22,18.21,,17-Sep-22
BBCW10,AP148,20-Jun-22,21.35,,17-Sep-22
BBCW10,AP148,21-Jun-22,19.66,,17-Sep-22
BBCW10,AP148,22-Jun-22,16.85,,17-Sep-22
BBCW10,AP148,23-Jun-22,15.85,,17-Sep-22
BBCW10,AP148,24-Jun-22,19.26,,17-Sep-22
BBCW10,AP148,25-Jun-22,21.35,,17-Sep-22
BBCW10,AP148,26-Jun-22,20.68,,17-Sep-22
BBCW10,AP148,27-Jun-22,21,,17-Sep-22
BBCW10,AP148,28-Jun-22,21.91,,17-Sep-22
BBCW10,AP148,29-Jun-22,21.12,,22-Nov-22
BBCW10,AP148,30-Jun-22,21.77,,22-Nov-22
BBCW10,AP148,1-Jul-22,22.39,,22-Nov-22
BBCW10,AP148,2-Jul-22,24.01,,22-Nov-22
BBCW10,AP148,3-Jul-22,24.5,,22-Nov-22
BBCW10,AP148,4-Jul-22,23.41,,22-Nov-22
BBCW10,AP148,5-Jul-22,20.72,,22-Nov-22
BBCW10,AP148,6-Jul-22,25.63,,22-Nov-22
BBCW10,AP148,7-Jul-22,26.81,,22-Nov-22
BBCW10,AP148,8-Jul-22,28.36,,22-Nov-22
BBCW10,AP148,9-Jul-22,30.33,,22-Nov-22
BBCW10,AP148,10-Jul-22,30.53,,22-Nov-22
BBCW10,AP148,11-Jul-22,31.45,,22-Nov-22
BBCW10,AP148,12-Jul-22,32.26,,22-Nov-22
BBCW10,AP148,13-Jul-22,32.49,,22-Nov-22
BBCW10,AP148,14-Jul-22,32.72,,22-Nov-22
BBCW10,AP148,15-Jul-22,32.03,,22-Nov-22
BBCW10,AP148,16-Jul-22,32.43,,22-Nov-22
BBCW10,AP148,17-Jul-22,33.8,,22-Nov-22
BBCW10,AP148,18-Jul-22,34.29,,22-Nov-22
BBCW10,AP148,19-Jul-22,34.48,,22-Nov-22
BBCW10,AP148,20-Jul-22,34.51,,22-Nov-22
BBCW10,AP148,21-Jul-22,34.71,,22-Nov-22
BBCW10,AP148,22-Jul-22,34.93,,22-Nov-22
BBCW10,AP148,23-Jul-22,34.7,,22-Nov-22
BBCW10,AP148,24-Jul-22,34.52,,22-Nov-22
BBCW10,AP148,25-Jul-22,34.5,,22-Nov-22
BBCW10,AP148,26-Jul-22,32.15,,22-Nov-22
BBCW10,AP148,27-Jul-22,30.6,,22-Nov-22
BBCW10,AP148,28-Jul-22,24.94,,22-Nov-22
BBCW10,AP148,29-Jul-22,24.62,,22-Nov-22
BBCW10,AP148,30-Jul-22,23.75,,22-Nov-22
BBCW10,AP148,31-Jul-22,22.48,,22-Nov-22
BBCW10,AP148,1-Aug-22,27.03,,22-Nov-22
BBCW10,AP148,2-Aug-22,28.48,,22-Nov-22
BBCW10,AP148,3-Aug-22,28.72,,22-Nov-22
BBCW10,AP148,4-Aug-22,30.32,,22-Nov-22
BBCW10,AP148,5-Aug-22,30.25,,22-Nov-22
BBCW10,AP148,6-Aug-22,30.63,,22-Nov-22
BBCW10,AP148,7-Aug-22,27.39,,22-Nov-22
BBCW10,AP148,8-Aug-22,28.01,,22-Nov-22
BBCW10,AP148,9-Aug-22,31.03,,22-Nov-22
BBCW10,AP148,10-Aug-22,34.51,,22-Nov-22
BBCW10,AP148,11-Aug-22,33.8,,22-Nov-22
BBCW10,AP148,12-Aug-22,34.91,,22-Nov-22
BBCW10,AP148,13-Aug-22,36.15,,22-Nov-22
BBCW10,AP148,14-Aug-22,34.5,,22-Nov-22
BBCW10,AP148,15-Aug-22,35.67,,22-Nov-22
BBCW10,AP148,16-Aug-22,34.94,,22-Nov-22
BBCW10,AP148,17-Aug-22,35.05,,22-Nov-22
BBCW10,AP148,18-Aug-22,35.51,,22-Nov-22
BBCW10,AP148,19-Aug-22,34.53,,22-Nov-22
BBCW10,AP148,20-Aug-22,33.37,,22-Nov-22
BBCW10,AP148,21-Aug-22,30.57,,22-Nov-22
BBCW10,AP148,22-Aug-22,31.75,,22-Nov-22
BBCW10,AP148,23-Aug-22,33.95,,22-Nov-22
BBCW10,AP148,24-Aug-22,34.96,,22-Nov-22
BBCW10,AP148,25-Aug-22,37.04,,22-Nov-22
BBCW10,AP148,26-Aug-22,37.29,,22-Nov-22
BBCW10,AP148,27-Aug-22,36.5,,22-Nov-22
BBCW10,AP148,28-Aug-22,35.85,,22-Nov-22
BBCW10,AP148,29-Aug-22,33.91,,22-Nov-22
BBCW10,AP148,30-Aug-22,35.27,,22-Nov-22
BBCW10,AP148,31-Aug-22,32.58,,19-Feb-23
BBCW10,AP148,1-Sep-22,34.3,,19-Feb-23
BBCW10,AP148,2-Sep-22,32.22,,19-Feb-23
BBCW10,AP148,3-Sep-22,32.09,,19-Feb-23
BBCW10,AP148,4-Sep-22,31.04,,19-Feb-23
BBCW10,AP148,5-Sep-22,31.8,,19-Feb-23
BBCW10,AP148,6-Sep-22,33.29,,19-Feb-23
BBCW10,AP148,7-Sep-22,34.06,,19-Feb-23
BBCW10,AP148,8-Sep-22,34.33,,19-Feb-23
BBCW10,AP148,9-Sep-22,34.26,,19-Feb-23
BBCW10,AP148,10-Sep-22,35.52,,19-Feb-23
BBCW10,AP148,11-Sep-22,35.72,,19-Feb-23
BBCW10,AP148,12-Sep-22,34.56,,19-Feb-23
BBCW10,AP148,13-Sep-22,35.08,,19-Feb-23
BBCW10,AP148,14-Sep-22,34.64,,19-Feb-23
BBCW10,AP148,15-Sep-22,33.42,,19-Feb-23
BBCW10,AP148,16-Sep-22,31.16,,19-Feb-23
BBCW10,AP148,17-Sep-22,29.53,,19-Feb-23
BBCW10,AP148,18-Sep-22,27.84,,19-Feb-23
BBCW10,AP148,19-Sep-22,30.01,,19-Feb-23
BBCW10,AP148,20-Sep-22,28.37,,19-Feb-23
BBCW10,AP148,21-Sep-22,28.72,,19-Feb-23
BBCW10,AP148,22-Sep-22,27.96,,19-Feb-23
BBCW10,AP148,23-Sep-22,27.98,,19-Feb-23
BBCW10,AP148,24-Sep-22,25.88,,19-Feb-23
BBCW10,AP148,25-Sep-22,25,,19-Feb-23
BBCW10,AP148,26-Sep-22,25.69,,19-Feb-23
BBCW10,AP148,27-Sep-22,22.04,,19-Feb-23
BBCW10,AP148,28-Sep-22,15.91,,19-Feb-23
BBCW10,AP148,29-Sep-22,19.98,,19-Feb-23
BBCW10,AP148,30-Sep-22,19.86,,19-Feb-23
BBCW10,AP148,1-Oct-22,23.94,,19-Feb-23
BBCW10,AP148,2-Oct-22,24.02,,19-Feb-23
BBCW10,AP148,3-Oct-22,25.4,,19-Feb-23
BBCW10,AP148,4-Oct-22,23.57,,19-Feb-23
BBCW10,AP148,5-Oct-22,23.27,,19-Feb-23
BBCW10,AP148,6-Oct-22,21.98,,19-Feb-23
BBCW10,AP148,7-Oct-22,20.93,,19-Feb-23
BBCW10,AP148,8-Oct-22,20,,19-Feb-23
BBCW10,AP148,9-Oct-22,20,,19-Feb-23
BBCW10,AP148,10-Oct-22,19.78,,19-Feb-23
BBCW10,AP148,11-Oct-22,18.46,,19-Feb-23
BBCW10,AP148,12-Oct-22,18.04,,19-Feb-23
BBCW10,AP148,13-Oct-22,20.02,,19-Feb-23
BBCW10,AP148,14-Oct-22,21.01,,19-Feb-23
BBCW10,AP148,15-Oct-22,20.69,,19-Feb-23
BBCW10,AP148,16-Oct-22,18.77,,19-Feb-23
BBCW10,AP148,17-Oct-22,19.03,,19-Feb-23
BBCW10,AP148,18-Oct-22,25.1,,19-Feb-23
BBCW10,AP148,19-Oct-22,27.82,,19-Feb-23
BBCW10,AP148,20-Oct-22,26.97,,19-Feb-23
BBCW10,AP148,21-Oct-22,26.52,,19-Feb-23
BBCW10,AP148,22-Oct-22,25.09,,19-Feb-23
BBCW10,AP148,23-Oct-22,23.79,,19-Feb-23
BBCW10,AP148,24-Oct-22,22.77,,19-Feb-23
BBCW10,AP148,25-Oct-22,22.16,,19-Feb-23
BBCW10,AP148,26-Oct-22,22.72,,19-Feb-23
BBCW10,AP148,27-Oct-22,24.33,,19-Feb-23
BBCW10,AP148,28-Oct-22,23.37,,19-Feb-23
BBCW10,AP148,29-Oct-22,21.58,,19-Feb-23
BBCW10,AP148,30-Oct-22,19.71,,19-Feb-23
BBCW10,AP148,31-Oct-22,20.43,,19-Feb-23
BBCW10,AP148,1-Nov-22,19.98,,19-Feb-23
BBCW10,AP148,2-Nov-22,19.98,,19-Feb-23
BBCW10,AP148,3-Nov-22,19.84,,19-Feb-23
BBCW10,AP148,4-Nov-22,20.35,,19-Feb-23
BBCW10,AP148,5-Nov-22,20.03,,19-Feb-23
BBCW10,AP148,6-Nov-22,20.2,,19-Feb-23
BBCW10,AP148,7-Nov-22,22.91,,19-Feb-23
BBCW10,AP148,8-Nov-22,24.05,,19-Feb-23
BBCW10,AP148,9-Nov-22,26.12,,19-Feb-23
BBCW10,AP148,10-Nov-22,25.63,,19-Feb-23
BBCW10,AP148,11-Nov-22,26.82,,19-Feb-23
BBCW10,AP148,12-Nov-22,27.01,,19-Feb-23
BBCW10,AP148,13-Nov-22,26.52,,19-Feb-23
BBCW10,AP148,14-Nov-22,26.13,,19-Feb-23
BBCW10,AP148,15-Nov-22,25.19,,19-Feb-23
BBCW10,AP148,16-Nov-22,25.58,,19-Feb-23
BBCW10,AP148,17-Nov-22,25.21,,19-Feb-23
BBCW10,AP148,18-Nov-22,25.61,,19-Feb-23
BBCW10,AP148,19-Nov-22,23.79,,19-Feb-23
BBCW10,AP148,20-Nov-22,23.43,,19-Feb-23
BBCW10,AP148,21-Nov-22,20.2,,19-Feb-23
BBCW10,AP148,22-Nov-22,19.04,,19-Feb-23
BBCW10,AP148,23-Nov-22,19.28,,19-Feb-23
BBCW10,AP148,24-Nov-22,18.09,,19-Feb-23
BBCW10,AP148,25-Nov-22,17.41,,19-Feb-23
BBCW10,AP148,26-Nov-22,19.85,,19-Feb-23
BBCW10,AP148,27-Nov-22,19.9,,19-Feb-23
BBCW10,AP148,28-Nov-22,21.62,,19-Feb-23
BBCW10,AP148,29-Nov-22,18.82,,19-Feb-23
BBCW10,AP148,30-Nov-22,16.05,,19-Feb-23
BBCW10,AP148,1-Dec-22,18.58,,19-Feb-23
BBCW10,AP148,2-Dec-22,18.3,,19-Feb-23
BBCW10,AP148,3-Dec-22,14.67,,19-Feb-23
BBCW10,AP148,4-Dec-22,13.39,,19-Feb-23
BBCW10,AP148,5-Dec-22,16.64,,12-Apr-23
BBCW10,AP148,6-Dec-22,16.82,,12-Apr-23
BBCW10,AP148,7-Dec-22,15.78,,12-Apr-23
BBCW10,AP148,8-Dec-22,15.03,,12-Apr-23
BBCW10,AP148,9-Dec-22,16.26,,12-Apr-23
BBCW10,AP148,10-Dec-22,18.49,,12-Apr-23
BBCW10,AP148,11-Dec-22,19.92,,12-Apr-23
BBCW10,AP148,12-Dec-22,21.83,,12-Apr-23
BBCW10,AP148,13-Dec-22,22.25,,12-Apr-23
BBCW10,AP148,14-Dec-22,22.93,,12-Apr-23
BBCW10,AP148,15-Dec-22,22.48,,12-Apr-23
BBCW10,AP148,16-Dec-22,22.71,,12-Apr-23
BBCW10,AP148,17-Dec-22,21.49,,12-Apr-23
BBCW10,AP148,18-Dec-22,21.42,,12-Apr-23
BBCW10,AP148,19-Dec-22,22.35,,12-Apr-23
BBCW10,AP148,20-Dec-22,20.1,,12-Apr-23
BBCW10,AP148,21-Dec-22,19.35,,12-Apr-23
BBCW10,AP148,22-Dec-22,20.7,,12-Apr-23
BBCW10,AP148,23-Dec-22,22.97,,12-Apr-23
BBCW10,AP148,24-Dec-22,22.74,,12-Apr-23
BBCW10,AP148,25-Dec-22,20.63,,12-Apr-23
BBCW10,AP148,26-Dec-22,19.64,,12-Apr-23
BBCW10,AP148,27-Dec-22,21.23,,12-Apr-23
BBCW10,AP148,28-Dec-22,20.95,,12-Apr-23
BBCW10,AP148,29-Dec-22,20.48,,12-Apr-23
BBCW10,AP148,30-Dec-22,19.67,,12-Apr-23
BBCW10,AP148,31-Dec-22,21.34,,12-Apr-23
BBCW10,AP148,1-Jan-23,21.28,,12-Apr-23
BBCW10,AP148,2-Jan-23,19.25,,12-Apr-23
BBCW10,AP148,3-Jan-23,20.05,,12-Apr-23
BBCW10,AP148,4-Jan-23,22.04,,12-Apr-23
BBCW10,AP148,5-Jan-23,22.44,,12-Apr-23
BBCW10,AP148,6-Jan-23,22.33,,12-Apr-23
BBCW10,AP148,7-Jan-23,22.12,,12-Apr-23
BBCW10,AP148,8-Jan-23,17.93,,12-Apr-23
BBCW10,AP148,9-Jan-23,20.46,,12-Apr-23
BBCW10,AP148,10-Jan-23,19.99,,12-Apr-23
BBCW10,AP148,11-Jan-23,21.23,,12-Apr-23
BBCW10,AP148,12-Jan-23,22.41,,12-Apr-23
BBCW10,AP148,13-Jan-23,21.9,,12-Apr-23
BBCW10,AP148,14-Jan-23,22.92,,12-Apr-23
BBCW10,AP148,15-Jan-23,22.96,,12-Apr-23
BBCW10,AP148,16-Jan-23,23.93,,12-Apr-23
BBCW10,AP148,17-Jan-23,23.81,,12-Apr-23
BBCW10,AP148,18-Jan-23,23.44,,12-Apr-23
BBCW10,AP148,19-Jan-23,24.08,,12-Apr-23
BBCW10,AP148,20-Jan-23,23.99,,12-Apr-23
BBCW10,AP148,21-Jan-23,24.71,,12-Apr-23
BBCW10,AP148,22-Jan-23,25.31,,12-Apr-23
BBCW10,AP148,23-Jan-23,24.58,,12-Apr-23
BBCW10,AP148,24-Jan-23,25.22,,12-Apr-23
BBCW10,AP148,25-Jan-23,24.97,,12-Apr-23
BBCW10,AP148,26-Jan-23,25.19,,12-Apr-23
BBCW10,AP148,27-Jan-23,25.44,,12-Apr-23
BBCW10,AP148,28-Jan-23,23.94,,12-Apr-23
BBCW10,AP148,29-Jan-23,21.27,,12-Apr-23
BBCW10,AP148,30-Jan-23,20.78,,12-Apr-23
BBCW10,AP148,31-Jan-23,22.17,,12-Apr-23
BBCW10,AP148,1-Feb-23,24.75,,12-Apr-23
BBCW10,AP148,2-Feb-23,25.81,,12-Apr-23
BBCW10,AP148,3-Feb-23,24.49,,12-Apr-23
BBCW10,AP148,4-Feb-23,24.39,,12-Apr-23
BBCW10,AP148,5-Feb-23,19.28,,12-Apr-23
BBCW10,AP148,6-Feb-23,17.54,,12-Apr-23
BBCW10,AP148,7-Feb-23,12.51,,12-Apr-23
BBCW10,AP148,8-Feb-23,9.39,,12-Apr-23
BBCW10,AP148,9-Feb-23,13.72,,12-Apr-23
BBCW10,AP148,10-Feb-23,16.9,,12-Apr-23
BBCW10,AP148,11-Feb-23,18.73,,12-Apr-23
BBCW10,AP148,12-Feb-23,18.81,,12-Apr-23
BBCW10,AP148,13-Feb-23,20.2,,12-Apr-23
BBCW10,AP148,14-Feb-23,21.96,,12-Apr-23
BBCW10,AP148,15-Feb-23,21.23,,12-Apr-23
BBCW10,AP148,16-Feb-23,22.47,,12-Apr-23
BBCW10,AP148,17-Feb-23,23.26,,12-Apr-23
BBCW10,AP148,18-Feb-23,22.77,,12-Apr-23
BBCW10,AP148,19-Feb-23,20.25,,12-Apr-23
BBCW10,AP148,20-Feb-23,21.46,,12-Apr-23
BBCW10,AP148,21-Feb-23,22.67,,12-Apr-23
BBCW10,AP148,22-Feb-23,24.48,,12-Apr-23
BBCW10,AP148,23-Feb-23,25.35,,3-Jun-23
BBCW10,AP148,24-Feb-23,22.52,,3-Jun-23
BBCW10,AP148,25-Feb-23,18.54,,3-Jun-23
BBCW10,AP148,26-Feb-23,21.57,,3-Jun-23
BBCW10,AP148,27-Feb-23,23.45,,3-Jun-23
BBCW10,AP148,28-Feb-23,24.62,,3-Jun-23
BBCW10,AP148,1-Mar-23,25.5,,3-Jun-23
BBCW10,AP148,2-Mar-23,29.24,,3-Jun-23
BBCW10,AP148,3-Mar-23,31.2,,3-Jun-23
BBCW10,AP148,4-Mar-23,31.25,,3-Jun-23
BBCW10,AP148,5-Mar-23,31.61,,3-Jun-23
BBCW10,AP148,6-Mar-23,30.87,,3-Jun-23
BBCW10,AP148,7-Mar-23,30.35,,3-Jun-23
BBCW10,AP148,8-Mar-23,30.16,,3-Jun-23
BBCW10,AP148,9-Mar-23,29.16,,3-Jun-23
BBCW10,AP148,10-Mar-23,28.64,,3-Jun-23
BBCW10,AP148,11-Mar-23,29.57,,3-Jun-23
BBCW10,AP148,12-Mar-23,30.49,,3-Jun-23
BBCW10,AP148,13-Mar-23,30.72,,3-Jun-23
BBCW10,AP148,14-Mar-23,31.77,,3-Jun-23
BBCW10,AP148,15-Mar-23,30.44,,3-Jun-23
BBCW10,AP148,16-Mar-23,29.18,,3-Jun-23
BBCW10,AP148,17-Mar-23,29.61,,3-Jun-23
BBCW10,AP148,18-Mar-23,30.05,,3-Jun-23
BBCW10,AP148,19-Mar-23,30.67,,3-Jun-23
BBCW10,AP148,20-Mar-23,29.51,,3-Jun-23
BBCW10,AP148,21-Mar-23,28.31,,3-Jun-23
BBCW10,AP148,22-Mar-23,27.14,,3-Jun-23
BBCW10,AP148,23-Mar-23,25.1,,3-Jun-23
BBCW10,AP148,24-Mar-23,27.44,,3-Jun-23
BBCW10,AP148,25-Mar-23,29.5,,3-Jun-23
BBCW10,AP148,26-Mar-23,30.89,,3-Jun-23
BBCW10,AP148,27-Mar-23,32.77,,3-Jun-23
BBCW10,AP148,28-Mar-23,33.08,,3-Jun-23
BBCW10,AP148,29-Mar-23,33.03,,3-Jun-23
BBCW10,AP148,30-Mar-23,30.96,,3-Jun-23
BBCW10,AP148,31-Mar-23,27.84,,3-Jun-23
BBCW10,AP148,1-Apr-23,30.91,,3-Jun-23
BBCW10,AP148,2-Apr-23,31.58,,3-Jun-23
BBCW10,AP148,3-Apr-23,32.99,,3-Jun-23
BBCW10,AP148,4-Apr-23,33.3,,3-Jun-23
BBCW10,AP148,5-Apr-23,32.15,,3-Jun-23
BBCW10,AP148,6-Apr-23,30.2,,3-Jun-23
BBCW10,AP148,7-Apr-23,29.91,,3-Jun-23
BBCW10,AP148,8-Apr-23,31.76,,3-Jun-23
BBCW10,AP148,9-Apr-23,34.06,,3-Jun-23
BBCW10,AP148,10-Apr-23,31.39,,3-Jun-23
BBCW10,AP148,11-Apr-23,27.59,,3-Jun-23
BBCW10,AP148,12-Apr-23,23.91,,3-Jun-23
BBCW10,AP148,13-Apr-23,24.29,,10-Jun-23
BBCW10,AP148,14-Apr-23,24.8,,10-Jun-23
BBCW10,AP148,15-Apr-23,26.17,,10-Jun-23
BBCW10,AP148,16-Apr-23,25.69,,10-Jun-23
BBCW10,AP148,17-Apr-23,21.76,,10-Jun-23
BBCW10,AP148,18-Apr-23,23.6,,10-Jun-23
BBCW10,AP148,19-Apr-23,20.35,,10-Jun-23
BBCW10,AP148,20-Apr-23,18.64,,10-Jun-23
BBCW10,AP148,21-Apr-23,19.12,,10-Jun-23
BBCW10,AP148,22-Apr-23,23.93,,10-Jun-23
BBCW10,AP148,23-Apr-23,25.41,,10-Jun-23
BBCW10,AP148,24-Apr-23,25.82,,10-Jun-23
BBCW10,AP148,25-Apr-23,22.76,,10-Jun-23
BBCW10,AP148,26-Apr-23,25.88,,10-Jun-23
BBCW10,AP148,27-Apr-23,27.01,,10-Jun-23
BBCW10,AP148,28-Apr-23,27.67,,10-Jun-23
BBCW10,AP148,29-Apr-23,30.36,,10-Jun-23
BBCW10,AP148,30-Apr-23,28.06,,10-Jun-23
BBCW10,AP148,1-May-23,31.19,,10-Jun-23
BBCW10,AP148,2-May-23,32.2,,10-Jun-23
BBCW10,AP148,3-May-23,32.58,,10-Jun-23
BBCW10,AP148,4-May-23,32.78,,10-Jun-23
BBCW10,AP148,5-May-23,32.67,,10-Jun-23
BBCW10,AP148,6-May-23,32.36,,10-Jun-23
BBCW10,AP148,7-May-23,30.03,,10-Jun-23
BBCW10,AP148,8-May-23,27.88,,10-Jun-23
BBCW10,AP148,9-May-23,28.14,,10-Jun-23
BBCW10,AP148,10-May-23,29.55,,10-Jun-23
BBCW10,AP148,11-May-23,29.82,,10-Jun-23
BBCW10,AP148,12-May-23,29.05,,10-Jun-23
BBCW10,AP148,13-May-23,28.29,,10-Jun-23
BBCW10,AP148,14-May-23,28.07,,10-Jun-23
BBCW10,AP148,15-May-23,27.75,,10-Jun-23
BBCW10,AP148,16-May-23,28.52,,10-Jun-23
BBCW10,AP148,17-May-23,30.33,,10-Jun-23
BBCW10,AP148,18-May-23,31,,10-Jun-23
BBCW10,AP148,19-May-23,30.46,,10-Jun-23
BBCW10,AP148,20-May-23,29.4,,10-Jun-23
BBCW10,AP148,21-May-23,29.55,,10-Jun-23
BBCW10,AP148,22-May-23,29.81,,10-Jun-23
BBCW10,AP148,23-May-23,29.12,P,24-May-23
BBCW10,AP148,24-May-23,27.67,P,27-May-23
BBCW10,AP148,25-May-23,28.65,P,26-May-23
BBCW10,AP148,26-May-23,28.46,P,27-May-23
BBCW10,AP148,27-May-23,24.36,P,28-May-23
BBCW10,AP148,28-May-23,30.7,P,29-May-23
BBCW10,AP148,29-May-23,33.31,P,30-May-23
BBCW10,AP148,30-May-23,30.87,P,31-May-23
BBCW10,AP148,31-May-23,28.52,P,1-Jun-23
BBCW10,AP148,1-Jun-23,28.36,P,2-Jun-23
BBCW10,AP148,2-Jun-23,28.68,P,3-Jun-23
BBCW10,AP148,3-Jun-23,27.28,P,4-Jun-23
BBCW10,AP148,4-Jun-23,24.66,P,5-Jun-23
BBCW10,AP148,5-Jun-23,23.09,P,6-Jun-23
BBCW10,AP148,6-Jun-23,22.5,P,7-Jun-23
BBCW10,AP148,7-Jun-23,24.36,P,8-Jun-23
BBCW10,AP148,8-Jun-23,26.08,P,9-Jun-23
BBCW10,AP148,9-Jun-23,27.25,P,10-Jun-23
BBCW10,AP148,10-Jun-23,27.37,P,11-Jun-23
BBCW10,AP148,11-Jun-23,25.38,P,12-Jun-23
BBCW10,AP148,12-Jun-23,22.82,P,13-Jun-23
BBCW10,AP148,13-Jun-23,23.2,P,14-Jun-23
BBCW10,AP148,14-Jun-23,27.53,P,15-Jun-23
BBCW10,AP148,15-Jun-23,28.94,P,16-Jun-23
BBCW10,AP148,16-Jun-23,27.62,P,17-Jun-23
BBCW10,AP148,17-Jun-23,27.83,P,18-Jun-23
BBCW10,AP148,18-Jun-23,26.27,P,19-Jun-23
BBCW10,AP148,19-Jun-23,29.51,P,20-Jun-23
BBCW10,AP148,20-Jun-23,26.73,P,21-Jun-23
BBCW10,AP148,21-Jun-23,26.2,P,22-Jun-23
BBCW10,AP148,22-Jun-23,26.69,P,23-Jun-23
BBCW10,AP148,23-Jun-23,26.77,P,24-Jun-23
BBCW10,AP148,24-Jun-23,29.07,P,26-Jun-23
BBCW10,AP148,25-Jun-23,25.2,P,26-Jun-23
BBCW10,AP148,26-Jun-23,21.76,P,27-Jun-23
BBCW10,AP148,27-Jun-23,22.99,P,28-Jun-23
BBCW10,AP148,28-Jun-23,24.45,P,29-Jun-23
BBCW10,AP148,29-Jun-23,24.51,P,30-Jun-23
BBCW10,AP148,30-Jun-23,29.16,P,4-Jul-23
BBCW10,AP148,1-Jul-23,44.44,P,2-Jul-23
BBCW10,AP148,2-Jul-23,38.5,P,3-Jul-23
BBCW10,AP148,3-Jul-23,33.78,P,4-Jul-23
BBCW10,AP148,4-Jul-23,27.38,P,5-Jul-23
BBCW10,AP148,5-Jul-23,33.5,P,6-Jul-23
BBCW10,AP148,6-Jul-23,25.23,P,7-Jul-23
BBCW10,AP148,7-Jul-23,23.25,P,9-Jul-23
BBCW10,AP148,8-Jul-23,24.61,P,9-Jul-23
BBCW10,AP148,9-Jul-23,25.74,P,10-Jul-23
BBCW10,AP148,10-Jul-23,27.71,P,10-Jul-23
