Station,DBKEY,Daily Date,Data Value,Qualifer,Revision Date
BBCW10,AP147,29-Sep-21,29.24,,30-Nov-21
BBCW10,AP147,30-Sep-21,29.13,,30-Nov-21
BBCW10,AP147,1-Oct-21,28.48,,30-Nov-21
BBCW10,AP147,2-Oct-21,27.65,,30-Nov-21
BBCW10,AP147,3-Oct-21,27.43,,30-Nov-21
BBCW10,AP147,4-Oct-21,27.91,,30-Nov-21
BBCW10,AP147,5-Oct-21,28.77,,30-Nov-21
BBCW10,AP147,6-Oct-21,29.18,,30-Nov-21
BBCW10,AP147,7-Oct-21,29.51,,30-Nov-21
BBCW10,AP147,8-Oct-21,29.39,,30-Nov-21
BBCW10,AP147,9-Oct-21,28.62,,30-Nov-21
BBCW10,AP147,10-Oct-21,28.55,,30-Nov-21
BBCW10,AP147,11-Oct-21,28.85,,30-Nov-21
BBCW10,AP147,12-Oct-21,28.7,,30-Nov-21
BBCW10,AP147,13-Oct-21,29.12,,30-Nov-21
BBCW10,AP147,14-Oct-21,29.47,,30-Nov-21
BBCW10,AP147,15-Oct-21,29.4,,30-Nov-21
BBCW10,AP147,16-Oct-21,29.23,,30-Nov-21
BBCW10,AP147,17-Oct-21,29.4,,30-Nov-21
BBCW10,AP147,18-Oct-21,28.17,,30-Nov-21
BBCW10,AP147,19-Oct-21,26.51,,30-Nov-21
BBCW10,AP147,20-Oct-21,25.92,,30-Nov-21
BBCW10,AP147,21-Oct-21,26.31,,30-Nov-21
BBCW10,AP147,22-Oct-21,26.56,,30-Nov-21
BBCW10,AP147,23-Oct-21,26.54,,30-Nov-21
BBCW10,AP147,24-Oct-21,27.24,,30-Nov-21
BBCW10,AP147,25-Oct-21,27.89,,30-Nov-21
BBCW10,AP147,26-Oct-21,28.33,,7-Jan-22
BBCW10,AP147,27-Oct-21,28.78,,7-Jan-22
BBCW10,AP147,28-Oct-21,28.93,,7-Jan-22
BBCW10,AP147,29-Oct-21,28.13,,7-Jan-22
BBCW10,AP147,30-Oct-21,27.46,,7-Jan-22
BBCW10,AP147,31-Oct-21,27.07,,7-Jan-22
BBCW10,AP147,1-Nov-21,26.51,,7-Jan-22
BBCW10,AP147,2-Nov-21,25.69,,7-Jan-22
BBCW10,AP147,3-Nov-21,25.36,,7-Jan-22
BBCW10,AP147,4-Nov-21,25.73,,7-Jan-22
BBCW10,AP147,5-Nov-21,25.58,,7-Jan-22
BBCW10,AP147,6-Nov-21,25.27,,7-Jan-22
BBCW10,AP147,7-Nov-21,24.09,,7-Jan-22
BBCW10,AP147,8-Nov-21,23.18,,7-Jan-22
BBCW10,AP147,9-Nov-21,22.55,,7-Jan-22
BBCW10,AP147,10-Nov-21,23.41,,7-Jan-22
BBCW10,AP147,11-Nov-21,24.25,,7-Jan-22
BBCW10,AP147,12-Nov-21,24.73,,7-Jan-22
BBCW10,AP147,13-Nov-21,25.5,,7-Jan-22
BBCW10,AP147,14-Nov-21,25.24,,7-Jan-22
BBCW10,AP147,15-Nov-21,24.17,,7-Jan-22
BBCW10,AP147,16-Nov-21,23.53,,7-Jan-22
BBCW10,AP147,17-Nov-21,23.35,,7-Jan-22
BBCW10,AP147,18-Nov-21,23.49,,7-Jan-22
BBCW10,AP147,19-Nov-21,23.77,,7-Jan-22
BBCW10,AP147,20-Nov-21,23.87,,7-Jan-22
BBCW10,AP147,21-Nov-21,24.74,,1-Mar-22
BBCW10,AP147,22-Nov-21,25.34,,1-Mar-22
BBCW10,AP147,23-Nov-21,23.88,,1-Mar-22
BBCW10,AP147,24-Nov-21,21.74,,1-Mar-22
BBCW10,AP147,25-Nov-21,21.61,,1-Mar-22
BBCW10,AP147,26-Nov-21,22.47,,1-Mar-22
BBCW10,AP147,27-Nov-21,22.84,,1-Mar-22
BBCW10,AP147,28-Nov-21,22.97,,1-Mar-22
BBCW10,AP147,29-Nov-21,22.46,,1-Mar-22
BBCW10,AP147,30-Nov-21,22.27,,1-Mar-22
BBCW10,AP147,1-Dec-21,23.11,,1-Mar-22
BBCW10,AP147,2-Dec-21,23.41,,1-Mar-22
BBCW10,AP147,3-Dec-21,23.3,,1-Mar-22
BBCW10,AP147,4-Dec-21,23.14,,1-Mar-22
BBCW10,AP147,5-Dec-21,23.58,,1-Mar-22
BBCW10,AP147,6-Dec-21,24.46,,1-Mar-22
BBCW10,AP147,7-Dec-21,24.74,,1-Mar-22
BBCW10,AP147,8-Dec-21,25.57,,1-Mar-22
BBCW10,AP147,9-Dec-21,26.28,,1-Mar-22
BBCW10,AP147,10-Dec-21,26.76,,1-Mar-22
BBCW10,AP147,11-Dec-21,26.61,,1-Mar-22
BBCW10,AP147,12-Dec-21,26.71,,1-Mar-22
BBCW10,AP147,13-Dec-21,26.07,,1-Mar-22
BBCW10,AP147,14-Dec-21,25.37,,1-Mar-22
BBCW10,AP147,15-Dec-21,24.99,,1-Mar-22
BBCW10,AP147,16-Dec-21,25.05,,1-Mar-22
BBCW10,AP147,17-Dec-21,24.9,,1-Mar-22
BBCW10,AP147,18-Dec-21,25.15,,1-Mar-22
BBCW10,AP147,19-Dec-21,25.52,,1-Mar-22
BBCW10,AP147,20-Dec-21,25.96,,1-Mar-22
BBCW10,AP147,21-Dec-21,25.62,,1-Mar-22
BBCW10,AP147,22-Dec-21,23.86,,1-Mar-22
BBCW10,AP147,23-Dec-21,22.31,,1-Mar-22
BBCW10,AP147,24-Dec-21,21.57,,1-Mar-22
BBCW10,AP147,25-Dec-21,22.22,,1-Mar-22
BBCW10,AP147,26-Dec-21,23.37,,1-Mar-22
BBCW10,AP147,27-Dec-21,24.18,,1-Mar-22
BBCW10,AP147,28-Dec-21,24.37,,1-Mar-22
BBCW10,AP147,29-Dec-21,24.83,,1-Mar-22
BBCW10,AP147,30-Dec-21,25.57,,1-Mar-22
BBCW10,AP147,31-Dec-21,25.91,,1-Mar-22
BBCW10,AP147,1-Jan-22,25.76,,1-Mar-22
BBCW10,AP147,2-Jan-22,25.21,,1-Mar-22
BBCW10,AP147,3-Jan-22,24.97,,1-Mar-22
BBCW10,AP147,4-Jan-22,23.59,,1-Mar-22
BBCW10,AP147,5-Jan-22,23.4,,1-Mar-22
BBCW10,AP147,6-Jan-22,23.46,,1-Mar-22
BBCW10,AP147,7-Jan-22,24.2,,1-Mar-22
BBCW10,AP147,8-Jan-22,24.31,,1-Mar-22
BBCW10,AP147,9-Jan-22,23.95,,1-Mar-22
BBCW10,AP147,10-Jan-22,24.5,,1-Mar-22
BBCW10,AP147,11-Jan-22,24.05,,1-Mar-22
BBCW10,AP147,12-Jan-22,22.86,,1-Mar-22
BBCW10,AP147,13-Jan-22,22.42,,1-Mar-22
BBCW10,AP147,14-Jan-22,22,,1-Mar-22
BBCW10,AP147,15-Jan-22,22.18,,1-Mar-22
BBCW10,AP147,16-Jan-22,21.84,,1-Mar-22
BBCW10,AP147,17-Jan-22,21.65,,1-Mar-22
BBCW10,AP147,18-Jan-22,21.16,,20-May-22
BBCW10,AP147,19-Jan-22,20.59,,20-May-22
BBCW10,AP147,20-Jan-22,21.47,,20-May-22
BBCW10,AP147,21-Jan-22,22.94,,20-May-22
BBCW10,AP147,22-Jan-22,23.42,,20-May-22
BBCW10,AP147,23-Jan-22,22.15,,20-May-22
BBCW10,AP147,24-Jan-22,19.7,,20-May-22
BBCW10,AP147,25-Jan-22,19.19,,20-May-22
BBCW10,AP147,26-Jan-22,20.82,,20-May-22
BBCW10,AP147,27-Jan-22,21.69,,20-May-22
BBCW10,AP147,28-Jan-22,21.95,,20-May-22
BBCW10,AP147,29-Jan-22,19.6,,20-May-22
BBCW10,AP147,30-Jan-22,16.69,,20-May-22
BBCW10,AP147,31-Jan-22,16.14,,20-May-22
BBCW10,AP147,1-Feb-22,17.5,,20-May-22
BBCW10,AP147,2-Feb-22,18.69,,20-May-22
BBCW10,AP147,3-Feb-22,20.02,,20-May-22
BBCW10,AP147,4-Feb-22,21.55,,20-May-22
BBCW10,AP147,5-Feb-22,22.9,,20-May-22
BBCW10,AP147,6-Feb-22,24.07,,20-May-22
BBCW10,AP147,7-Feb-22,24.55,,20-May-22
BBCW10,AP147,8-Feb-22,24.69,,20-May-22
BBCW10,AP147,9-Feb-22,23.49,,20-May-22
BBCW10,AP147,10-Feb-22,22.12,,20-May-22
BBCW10,AP147,11-Feb-22,23.13,,20-May-22
BBCW10,AP147,12-Feb-22,24.63,,20-May-22
BBCW10,AP147,13-Feb-22,24.84,,20-May-22
BBCW10,AP147,14-Feb-22,21.85,,20-May-22
BBCW10,AP147,15-Feb-22,20.33,,20-May-22
BBCW10,AP147,16-Feb-22,20.66,,20-May-22
BBCW10,AP147,17-Feb-22,22.26,,20-May-22
BBCW10,AP147,18-Feb-22,24.03,,20-May-22
BBCW10,AP147,19-Feb-22,25.16,,20-May-22
BBCW10,AP147,20-Feb-22,24.34,,20-May-22
BBCW10,AP147,21-Feb-22,24.1,,20-May-22
BBCW10,AP147,22-Feb-22,24.3,,20-May-22
BBCW10,AP147,23-Feb-22,24.86,,20-May-22
BBCW10,AP147,24-Feb-22,25.1,,20-May-22
BBCW10,AP147,25-Feb-22,25.17,,20-May-22
BBCW10,AP147,26-Feb-22,24.98,,20-May-22
BBCW10,AP147,27-Feb-22,25.67,,20-May-22
BBCW10,AP147,28-Feb-22,26.27,,20-May-22
BBCW10,AP147,1-Mar-22,25.77,,20-May-22
BBCW10,AP147,2-Mar-22,24.71,,20-May-22
BBCW10,AP147,3-Mar-22,24.54,,20-May-22
BBCW10,AP147,4-Mar-22,24.07,,20-May-22
BBCW10,AP147,5-Mar-22,23.73,,20-May-22
BBCW10,AP147,6-Mar-22,23.66,,20-May-22
BBCW10,AP147,7-Mar-22,24.35,,20-May-22
BBCW10,AP147,8-Mar-22,25.37,,20-May-22
BBCW10,AP147,9-Mar-22,25.97,,20-May-22
BBCW10,AP147,10-Mar-22,26.4,,20-May-22
BBCW10,AP147,11-Mar-22,27.31,,20-May-22
BBCW10,AP147,12-Mar-22,26.71,,20-May-22
BBCW10,AP147,13-Mar-22,22.17,,20-May-22
BBCW10,AP147,14-Mar-22,20.78,,20-May-22
BBCW10,AP147,15-Mar-22,22.66,,20-May-22
BBCW10,AP147,16-Mar-22,24.97,,20-May-22
BBCW10,AP147,17-Mar-22,26.4,,20-May-22
BBCW10,AP147,18-Mar-22,27.17,,20-May-22
BBCW10,AP147,19-Mar-22,27.65,,20-May-22
BBCW10,AP147,20-Mar-22,28.2,,20-May-22
BBCW10,AP147,21-Mar-22,26.31,,20-May-22
BBCW10,AP147,22-Mar-22,24.61,,20-May-22
BBCW10,AP147,23-Mar-22,25.36,,20-May-22
BBCW10,AP147,24-Mar-22,26.49,,20-May-22
BBCW10,AP147,25-Mar-22,25.69,,20-May-22
BBCW10,AP147,26-Mar-22,24.3,,20-May-22
BBCW10,AP147,27-Mar-22,24.1,,20-May-22
BBCW10,AP147,28-Mar-22,24.84,,20-May-22
BBCW10,AP147,29-Mar-22,25.61,,9-Jul-22
BBCW10,AP147,30-Mar-22,25.09,,9-Jul-22
BBCW10,AP147,31-Mar-22,24.84,,9-Jul-22
BBCW10,AP147,1-Apr-22,26.36,,9-Jul-22
BBCW10,AP147,2-Apr-22,27.89,,9-Jul-22
BBCW10,AP147,3-Apr-22,27.62,,9-Jul-22
BBCW10,AP147,4-Apr-22,27.19,,9-Jul-22
BBCW10,AP147,5-Apr-22,27.16,,9-Jul-22
BBCW10,AP147,6-Apr-22,27.85,,9-Jul-22
BBCW10,AP147,7-Apr-22,28.4,,9-Jul-22
BBCW10,AP147,8-Apr-22,27.66,,9-Jul-22
BBCW10,AP147,9-Apr-22,25.56,,9-Jul-22
BBCW10,AP147,10-Apr-22,23.35,,9-Jul-22
BBCW10,AP147,11-Apr-22,23.68,,9-Jul-22
BBCW10,AP147,12-Apr-22,24.18,,9-Jul-22
BBCW10,AP147,13-Apr-22,24.79,,9-Jul-22
BBCW10,AP147,14-Apr-22,25.86,,9-Jul-22
BBCW10,AP147,15-Apr-22,26.74,,9-Jul-22
BBCW10,AP147,16-Apr-22,26.77,,9-Jul-22
BBCW10,AP147,17-Apr-22,27.4,,9-Jul-22
BBCW10,AP147,18-Apr-22,27.7,,9-Jul-22
BBCW10,AP147,19-Apr-22,27.83,,9-Jul-22
BBCW10,AP147,20-Apr-22,26.35,,9-Jul-22
BBCW10,AP147,21-Apr-22,24.87,,9-Jul-22
BBCW10,AP147,22-Apr-22,24.59,,9-Jul-22
BBCW10,AP147,23-Apr-22,24.81,,9-Jul-22
BBCW10,AP147,24-Apr-22,25.26,,9-Jul-22
BBCW10,AP147,25-Apr-22,26.21,,9-Jul-22
BBCW10,AP147,26-Apr-22,26.96,,16-Jul-22
BBCW10,AP147,27-Apr-22,27.45,,16-Jul-22
BBCW10,AP147,28-Apr-22,28.3,,16-Jul-22
BBCW10,AP147,29-Apr-22,28.42,,16-Jul-22
BBCW10,AP147,30-Apr-22,28.01,,16-Jul-22
BBCW10,AP147,1-May-22,27.5,,16-Jul-22
BBCW10,AP147,2-May-22,27.26,,16-Jul-22
BBCW10,AP147,3-May-22,27.48,,16-Jul-22
BBCW10,AP147,4-May-22,28.19,,16-Jul-22
BBCW10,AP147,5-May-22,29.31,,16-Jul-22
BBCW10,AP147,6-May-22,30.04,,16-Jul-22
BBCW10,AP147,7-May-22,29.42,,16-Jul-22
BBCW10,AP147,8-May-22,29.04,,16-Jul-22
BBCW10,AP147,9-May-22,29.14,,16-Jul-22
BBCW10,AP147,10-May-22,27.61,,16-Jul-22
BBCW10,AP147,11-May-22,26,,16-Jul-22
BBCW10,AP147,12-May-22,26.07,,16-Jul-22
BBCW10,AP147,13-May-22,27.29,,16-Jul-22
BBCW10,AP147,14-May-22,28.53,,16-Jul-22
BBCW10,AP147,15-May-22,29.44,,16-Jul-22
BBCW10,AP147,16-May-22,29.48,,16-Jul-22
BBCW10,AP147,17-May-22,29.4,,16-Jul-22
BBCW10,AP147,18-May-22,29.93,,16-Jul-22
BBCW10,AP147,19-May-22,30.37,,16-Jul-22
BBCW10,AP147,20-May-22,29.65,,16-Jul-22
BBCW10,AP147,21-May-22,29.21,,16-Jul-22
BBCW10,AP147,22-May-22,29.52,,16-Jul-22
BBCW10,AP147,23-May-22,29.52,,16-Jul-22
BBCW10,AP147,24-May-22,29.23,,16-Jul-22
BBCW10,AP147,25-May-22,28.71,,16-Jul-22
BBCW10,AP147,26-May-22,28.88,,17-Sep-22
BBCW10,AP147,27-May-22,29.49,,17-Sep-22
BBCW10,AP147,28-May-22,30.02,,17-Sep-22
BBCW10,AP147,29-May-22,29.91,,17-Sep-22
BBCW10,AP147,30-May-22,28.69,,17-Sep-22
BBCW10,AP147,31-May-22,28.34,,17-Sep-22
BBCW10,AP147,1-Jun-22,29.14,,17-Sep-22
BBCW10,AP147,2-Jun-22,29.59,,17-Sep-22
BBCW10,AP147,3-Jun-22,27.64,,17-Sep-22
BBCW10,AP147,4-Jun-22,26.46,,17-Sep-22
BBCW10,AP147,5-Jun-22,27.39,,17-Sep-22
BBCW10,AP147,6-Jun-22,28.08,,17-Sep-22
BBCW10,AP147,7-Jun-22,27.17,,17-Sep-22
BBCW10,AP147,8-Jun-22,27.76,,17-Sep-22
BBCW10,AP147,9-Jun-22,29.1,,17-Sep-22
BBCW10,AP147,10-Jun-22,28.57,,17-Sep-22
BBCW10,AP147,11-Jun-22,28.63,,17-Sep-22
BBCW10,AP147,12-Jun-22,29.81,,17-Sep-22
BBCW10,AP147,13-Jun-22,30.56,,17-Sep-22
BBCW10,AP147,14-Jun-22,31.21,,17-Sep-22
BBCW10,AP147,15-Jun-22,31.01,,17-Sep-22
BBCW10,AP147,16-Jun-22,31.06,,17-Sep-22
BBCW10,AP147,17-Jun-22,31.13,,17-Sep-22
BBCW10,AP147,18-Jun-22,31.67,,17-Sep-22
BBCW10,AP147,19-Jun-22,31.78,,17-Sep-22
BBCW10,AP147,20-Jun-22,32.21,,17-Sep-22
BBCW10,AP147,21-Jun-22,31.12,,17-Sep-22
BBCW10,AP147,22-Jun-22,29.47,,17-Sep-22
BBCW10,AP147,23-Jun-22,29.93,,17-Sep-22
BBCW10,AP147,24-Jun-22,31.46,,17-Sep-22
BBCW10,AP147,25-Jun-22,31.9,,17-Sep-22
BBCW10,AP147,26-Jun-22,31.41,,17-Sep-22
BBCW10,AP147,27-Jun-22,31.84,,17-Sep-22
BBCW10,AP147,28-Jun-22,31.65,,17-Sep-22
BBCW10,AP147,29-Jun-22,31.99,,22-Nov-22
BBCW10,AP147,30-Jun-22,31.93,,22-Nov-22
BBCW10,AP147,1-Jul-22,31.17,,22-Nov-22
BBCW10,AP147,2-Jul-22,31,,22-Nov-22
BBCW10,AP147,3-Jul-22,30.94,,22-Nov-22
BBCW10,AP147,4-Jul-22,31,,22-Nov-22
BBCW10,AP147,5-Jul-22,31.03,,22-Nov-22
BBCW10,AP147,6-Jul-22,31.28,,22-Nov-22
BBCW10,AP147,7-Jul-22,31.68,,22-Nov-22
BBCW10,AP147,8-Jul-22,31.42,,22-Nov-22
BBCW10,AP147,9-Jul-22,31.19,,22-Nov-22
BBCW10,AP147,10-Jul-22,31.41,,22-Nov-22
BBCW10,AP147,11-Jul-22,31.91,,22-Nov-22
BBCW10,AP147,12-Jul-22,32.6,,22-Nov-22
BBCW10,AP147,13-Jul-22,32.64,,22-Nov-22
BBCW10,AP147,14-Jul-22,32.35,,22-Nov-22
BBCW10,AP147,15-Jul-22,31.1,,22-Nov-22
BBCW10,AP147,16-Jul-22,29.62,,22-Nov-22
BBCW10,AP147,17-Jul-22,29.68,,22-Nov-22
BBCW10,AP147,18-Jul-22,30.59,,22-Nov-22
BBCW10,AP147,19-Jul-22,31.17,,22-Nov-22
BBCW10,AP147,20-Jul-22,31.49,,22-Nov-22
BBCW10,AP147,21-Jul-22,31.55,,22-Nov-22
BBCW10,AP147,22-Jul-22,31.53,,22-Nov-22
BBCW10,AP147,23-Jul-22,31.56,,22-Nov-22
BBCW10,AP147,24-Jul-22,31.45,,22-Nov-22
BBCW10,AP147,25-Jul-22,30.79,,22-Nov-22
BBCW10,AP147,26-Jul-22,29.53,,22-Nov-22
BBCW10,AP147,27-Jul-22,29.44,,22-Nov-22
BBCW10,AP147,28-Jul-22,29.96,,22-Nov-22
BBCW10,AP147,29-Jul-22,30.34,,22-Nov-22
BBCW10,AP147,30-Jul-22,30.17,,22-Nov-22
BBCW10,AP147,31-Jul-22,29.94,,22-Nov-22
BBCW10,AP147,1-Aug-22,30.6,,22-Nov-22
BBCW10,AP147,2-Aug-22,31.04,,22-Nov-22
BBCW10,AP147,3-Aug-22,31.15,,22-Nov-22
BBCW10,AP147,4-Aug-22,31.49,,22-Nov-22
BBCW10,AP147,5-Aug-22,31.31,,22-Nov-22
BBCW10,AP147,6-Aug-22,30.64,,22-Nov-22
BBCW10,AP147,7-Aug-22,30.2,,22-Nov-22
BBCW10,AP147,8-Aug-22,30.67,,22-Nov-22
BBCW10,AP147,9-Aug-22,30.78,,22-Nov-22
BBCW10,AP147,10-Aug-22,30.56,,22-Nov-22
BBCW10,AP147,11-Aug-22,30.61,,22-Nov-22
BBCW10,AP147,12-Aug-22,30.51,,22-Nov-22
BBCW10,AP147,13-Aug-22,30.93,,22-Nov-22
BBCW10,AP147,14-Aug-22,30.73,,22-Nov-22
BBCW10,AP147,15-Aug-22,31.16,,22-Nov-22
BBCW10,AP147,16-Aug-22,31.62,,22-Nov-22
BBCW10,AP147,17-Aug-22,31.75,,22-Nov-22
BBCW10,AP147,18-Aug-22,31.7,,22-Nov-22
BBCW10,AP147,19-Aug-22,32.14,,22-Nov-22
BBCW10,AP147,20-Aug-22,32.35,,22-Nov-22
BBCW10,AP147,21-Aug-22,31.75,,22-Nov-22
BBCW10,AP147,22-Aug-22,31.71,,22-Nov-22
BBCW10,AP147,23-Aug-22,32.26,,22-Nov-22
BBCW10,AP147,24-Aug-22,32.68,,22-Nov-22
BBCW10,AP147,25-Aug-22,32.48,,22-Nov-22
BBCW10,AP147,26-Aug-22,32.33,,22-Nov-22
BBCW10,AP147,27-Aug-22,31.89,,22-Nov-22
BBCW10,AP147,28-Aug-22,31.27,,22-Nov-22
BBCW10,AP147,29-Aug-22,30.62,,22-Nov-22
BBCW10,AP147,30-Aug-22,30.4,,22-Nov-22
BBCW10,AP147,31-Aug-22,31.2,,19-Feb-23
BBCW10,AP147,1-Sep-22,31.81,,19-Feb-23
BBCW10,AP147,2-Sep-22,31.9,,19-Feb-23
BBCW10,AP147,3-Sep-22,32.19,,19-Feb-23
BBCW10,AP147,4-Sep-22,31.78,,19-Feb-23
BBCW10,AP147,5-Sep-22,32.18,,19-Feb-23
BBCW10,AP147,6-Sep-22,32.93,,19-Feb-23
BBCW10,AP147,7-Sep-22,32.63,,19-Feb-23
BBCW10,AP147,8-Sep-22,32.08,,19-Feb-23
BBCW10,AP147,9-Sep-22,31.25,,19-Feb-23
BBCW10,AP147,10-Sep-22,31.23,,19-Feb-23
BBCW10,AP147,11-Sep-22,32.02,,19-Feb-23
BBCW10,AP147,12-Sep-22,32.27,,19-Feb-23
BBCW10,AP147,13-Sep-22,32.71,,19-Feb-23
BBCW10,AP147,14-Sep-22,31.84,,19-Feb-23
BBCW10,AP147,15-Sep-22,30.99,,19-Feb-23
BBCW10,AP147,16-Sep-22,30.24,,19-Feb-23
BBCW10,AP147,17-Sep-22,30.4,,19-Feb-23
BBCW10,AP147,18-Sep-22,29.48,,19-Feb-23
BBCW10,AP147,19-Sep-22,30.2,,19-Feb-23
BBCW10,AP147,20-Sep-22,30.65,,19-Feb-23
BBCW10,AP147,21-Sep-22,30.95,,19-Feb-23
BBCW10,AP147,22-Sep-22,30.79,,19-Feb-23
BBCW10,AP147,23-Sep-22,31.37,,19-Feb-23
BBCW10,AP147,24-Sep-22,31.13,,19-Feb-23
BBCW10,AP147,25-Sep-22,31.19,,19-Feb-23
BBCW10,AP147,26-Sep-22,30.9,,19-Feb-23
BBCW10,AP147,27-Sep-22,28.5,,19-Feb-23
BBCW10,AP147,28-Sep-22,27.19,,19-Feb-23
BBCW10,AP147,29-Sep-22,26.92,,19-Feb-23
BBCW10,AP147,30-Sep-22,26.85,,19-Feb-23
BBCW10,AP147,1-Oct-22,27.63,,19-Feb-23
BBCW10,AP147,2-Oct-22,27.5,,19-Feb-23
BBCW10,AP147,3-Oct-22,27.9,,19-Feb-23
BBCW10,AP147,4-Oct-22,27.93,,19-Feb-23
BBCW10,AP147,5-Oct-22,27.99,,19-Feb-23
BBCW10,AP147,6-Oct-22,28.06,,19-Feb-23
BBCW10,AP147,7-Oct-22,27.61,,19-Feb-23
BBCW10,AP147,8-Oct-22,27.57,,19-Feb-23
BBCW10,AP147,9-Oct-22,27.74,,19-Feb-23
BBCW10,AP147,10-Oct-22,28.3,,19-Feb-23
BBCW10,AP147,11-Oct-22,28.96,,19-Feb-23
BBCW10,AP147,12-Oct-22,29.25,,19-Feb-23
BBCW10,AP147,13-Oct-22,29.2,,19-Feb-23
BBCW10,AP147,14-Oct-22,29.04,,19-Feb-23
BBCW10,AP147,15-Oct-22,29.04,,19-Feb-23
BBCW10,AP147,16-Oct-22,28.26,,19-Feb-23
BBCW10,AP147,17-Oct-22,28.05,,19-Feb-23
BBCW10,AP147,18-Oct-22,28.66,,19-Feb-23
BBCW10,AP147,19-Oct-22,27.17,,19-Feb-23
BBCW10,AP147,20-Oct-22,25.26,,19-Feb-23
BBCW10,AP147,21-Oct-22,24.33,,19-Feb-23
BBCW10,AP147,22-Oct-22,24.24,,19-Feb-23
BBCW10,AP147,23-Oct-22,25.15,,19-Feb-23
BBCW10,AP147,24-Oct-22,25.78,,19-Feb-23
BBCW10,AP147,25-Oct-22,25.95,,19-Feb-23
BBCW10,AP147,26-Oct-22,26.11,,19-Feb-23
BBCW10,AP147,27-Oct-22,26.76,,19-Feb-23
BBCW10,AP147,28-Oct-22,26.78,,19-Feb-23
BBCW10,AP147,29-Oct-22,26.66,,19-Feb-23
BBCW10,AP147,30-Oct-22,26.82,,19-Feb-23
BBCW10,AP147,31-Oct-22,27.84,,19-Feb-23
BBCW10,AP147,1-Nov-22,28.52,,19-Feb-23
BBCW10,AP147,2-Nov-22,28.96,,19-Feb-23
BBCW10,AP147,3-Nov-22,28.84,,19-Feb-23
BBCW10,AP147,4-Nov-22,28.03,,19-Feb-23
BBCW10,AP147,5-Nov-22,27.13,,19-Feb-23
BBCW10,AP147,6-Nov-22,27.14,,19-Feb-23
BBCW10,AP147,7-Nov-22,26.33,,19-Feb-23
BBCW10,AP147,8-Nov-22,25.77,,19-Feb-23
BBCW10,AP147,9-Nov-22,25.04,,19-Feb-23
BBCW10,AP147,10-Nov-22,24.84,,19-Feb-23
BBCW10,AP147,11-Nov-22,25.7,,19-Feb-23
BBCW10,AP147,12-Nov-22,26.71,,19-Feb-23
BBCW10,AP147,13-Nov-22,27.14,,19-Feb-23
BBCW10,AP147,14-Nov-22,27.43,,19-Feb-23
BBCW10,AP147,15-Nov-22,27.4,,19-Feb-23
BBCW10,AP147,16-Nov-22,28.12,,19-Feb-23
BBCW10,AP147,17-Nov-22,27.37,,19-Feb-23
BBCW10,AP147,18-Nov-22,25.29,,19-Feb-23
BBCW10,AP147,19-Nov-22,24.27,,19-Feb-23
BBCW10,AP147,20-Nov-22,24.03,,19-Feb-23
BBCW10,AP147,21-Nov-22,23.8,,19-Feb-23
BBCW10,AP147,22-Nov-22,24.44,,19-Feb-23
BBCW10,AP147,23-Nov-22,25.57,,19-Feb-23
BBCW10,AP147,24-Nov-22,26.32,,19-Feb-23
BBCW10,AP147,25-Nov-22,26.83,,19-Feb-23
BBCW10,AP147,26-Nov-22,27.54,,19-Feb-23
BBCW10,AP147,27-Nov-22,27.42,,19-Feb-23
BBCW10,AP147,28-Nov-22,27.81,,19-Feb-23
BBCW10,AP147,29-Nov-22,27.01,,19-Feb-23
BBCW10,AP147,30-Nov-22,26.55,,19-Feb-23
BBCW10,AP147,1-Dec-22,26.88,,19-Feb-23
BBCW10,AP147,2-Dec-22,25.14,,19-Feb-23
BBCW10,AP147,3-Dec-22,24.12,,19-Feb-23
BBCW10,AP147,4-Dec-22,23.81,,19-Feb-23
BBCW10,AP147,5-Dec-22,23.8,,12-Apr-23
BBCW10,AP147,6-Dec-22,24.59,,12-Apr-23
BBCW10,AP147,7-Dec-22,24.54,,12-Apr-23
BBCW10,AP147,8-Dec-22,24.14,,12-Apr-23
BBCW10,AP147,9-Dec-22,24.53,,12-Apr-23
BBCW10,AP147,10-Dec-22,24.81,,12-Apr-23
BBCW10,AP147,11-Dec-22,24.88,,12-Apr-23
BBCW10,AP147,12-Dec-22,24.81,,12-Apr-23
BBCW10,AP147,13-Dec-22,24.3,,12-Apr-23
BBCW10,AP147,14-Dec-22,24.53,,12-Apr-23
BBCW10,AP147,15-Dec-22,24.63,,12-Apr-23
BBCW10,AP147,16-Dec-22,25.05,,12-Apr-23
BBCW10,AP147,17-Dec-22,24.63,,12-Apr-23
BBCW10,AP147,18-Dec-22,24.7,,12-Apr-23
BBCW10,AP147,19-Dec-22,23.49,,12-Apr-23
BBCW10,AP147,20-Dec-22,23.36,,12-Apr-23
BBCW10,AP147,21-Dec-22,23.68,,12-Apr-23
BBCW10,AP147,22-Dec-22,24.41,,12-Apr-23
BBCW10,AP147,23-Dec-22,24.79,,12-Apr-23
BBCW10,AP147,24-Dec-22,20.93,,12-Apr-23
BBCW10,AP147,25-Dec-22,16.09,,12-Apr-23
BBCW10,AP147,26-Dec-22,14.24,,12-Apr-23
BBCW10,AP147,27-Dec-22,15.18,,12-Apr-23
BBCW10,AP147,28-Dec-22,16.67,,12-Apr-23
BBCW10,AP147,29-Dec-22,18.45,,12-Apr-23
BBCW10,AP147,30-Dec-22,20.31,,12-Apr-23
BBCW10,AP147,31-Dec-22,21.45,,12-Apr-23
BBCW10,AP147,1-Jan-23,23.01,,12-Apr-23
BBCW10,AP147,2-Jan-23,24.13,,12-Apr-23
BBCW10,AP147,3-Jan-23,24.62,,12-Apr-23
BBCW10,AP147,4-Jan-23,24.91,,12-Apr-23
BBCW10,AP147,5-Jan-23,25.25,,12-Apr-23
BBCW10,AP147,6-Jan-23,24.42,,12-Apr-23
BBCW10,AP147,7-Jan-23,22.47,,12-Apr-23
BBCW10,AP147,8-Jan-23,22.18,,12-Apr-23
BBCW10,AP147,9-Jan-23,23.09,,12-Apr-23
BBCW10,AP147,10-Jan-23,22.86,,12-Apr-23
BBCW10,AP147,11-Jan-23,22,,12-Apr-23
BBCW10,AP147,12-Jan-23,22.35,,12-Apr-23
BBCW10,AP147,13-Jan-23,22.87,,12-Apr-23
BBCW10,AP147,14-Jan-23,19.9,,12-Apr-23
BBCW10,AP147,15-Jan-23,17.52,,12-Apr-23
BBCW10,AP147,16-Jan-23,17.1,,12-Apr-23
BBCW10,AP147,17-Jan-23,18.19,,12-Apr-23
BBCW10,AP147,18-Jan-23,19.66,,12-Apr-23
BBCW10,AP147,19-Jan-23,21.27,,12-Apr-23
BBCW10,AP147,20-Jan-23,22.37,,12-Apr-23
BBCW10,AP147,21-Jan-23,23.31,,12-Apr-23
BBCW10,AP147,22-Jan-23,23.67,,12-Apr-23
BBCW10,AP147,23-Jan-23,24.08,,12-Apr-23
BBCW10,AP147,24-Jan-23,23.83,,12-Apr-23
BBCW10,AP147,25-Jan-23,24.18,,12-Apr-23
BBCW10,AP147,26-Jan-23,24.79,,12-Apr-23
BBCW10,AP147,27-Jan-23,23.23,,12-Apr-23
BBCW10,AP147,28-Jan-23,22.62,,12-Apr-23
BBCW10,AP147,29-Jan-23,23.12,,12-Apr-23
BBCW10,AP147,30-Jan-23,24.3,,12-Apr-23
BBCW10,AP147,31-Jan-23,25.23,,12-Apr-23
BBCW10,AP147,1-Feb-23,25.7,,12-Apr-23
BBCW10,AP147,2-Feb-23,25.93,,12-Apr-23
BBCW10,AP147,3-Feb-23,26.14,,12-Apr-23
BBCW10,AP147,4-Feb-23,24.28,,12-Apr-23
BBCW10,AP147,5-Feb-23,23.52,,12-Apr-23
BBCW10,AP147,6-Feb-23,23.89,,12-Apr-23
BBCW10,AP147,7-Feb-23,23.63,,12-Apr-23
BBCW10,AP147,8-Feb-23,23.22,,12-Apr-23
BBCW10,AP147,9-Feb-23,23.52,,12-Apr-23
BBCW10,AP147,10-Feb-23,24.25,,12-Apr-23
BBCW10,AP147,11-Feb-23,25.04,,12-Apr-23
BBCW10,AP147,12-Feb-23,24.94,,12-Apr-23
BBCW10,AP147,13-Feb-23,22.94,,12-Apr-23
BBCW10,AP147,14-Feb-23,22.4,,12-Apr-23
BBCW10,AP147,15-Feb-23,22.99,,12-Apr-23
BBCW10,AP147,16-Feb-23,23.88,,12-Apr-23
BBCW10,AP147,17-Feb-23,24.71,,12-Apr-23
BBCW10,AP147,18-Feb-23,25.09,,12-Apr-23
BBCW10,AP147,19-Feb-23,25.32,,12-Apr-23
BBCW10,AP147,20-Feb-23,25.95,,12-Apr-23
BBCW10,AP147,21-Feb-23,26.45,,12-Apr-23
BBCW10,AP147,22-Feb-23,26.28,,12-Apr-23
BBCW10,AP147,23-Feb-23,26.21,,3-Jun-23
BBCW10,AP147,24-Feb-23,26.4,,3-Jun-23
BBCW10,AP147,25-Feb-23,26.33,,3-Jun-23
BBCW10,AP147,26-Feb-23,26.88,,3-Jun-23
BBCW10,AP147,27-Feb-23,27.37,,3-Jun-23
BBCW10,AP147,28-Feb-23,27.01,,3-Jun-23
BBCW10,AP147,1-Mar-23,26.69,,3-Jun-23
BBCW10,AP147,2-Mar-23,25.82,,3-Jun-23
BBCW10,AP147,3-Mar-23,25.99,,3-Jun-23
BBCW10,AP147,4-Mar-23,26.71,,3-Jun-23
BBCW10,AP147,5-Mar-23,27.49,,3-Jun-23
BBCW10,AP147,6-Mar-23,28.16,,3-Jun-23
BBCW10,AP147,7-Mar-23,27.86,,3-Jun-23
BBCW10,AP147,8-Mar-23,27.51,,3-Jun-23
BBCW10,AP147,9-Mar-23,25.83,,3-Jun-23
BBCW10,AP147,10-Mar-23,24.84,,3-Jun-23
BBCW10,AP147,11-Mar-23,25.36,,3-Jun-23
BBCW10,AP147,12-Mar-23,25.59,,3-Jun-23
BBCW10,AP147,13-Mar-23,26.26,,3-Jun-23
BBCW10,AP147,14-Mar-23,26.09,,3-Jun-23
BBCW10,AP147,15-Mar-23,23.96,,3-Jun-23
BBCW10,AP147,16-Mar-23,22.04,,3-Jun-23
BBCW10,AP147,17-Mar-23,22.27,,3-Jun-23
BBCW10,AP147,18-Mar-23,23.86,,3-Jun-23
BBCW10,AP147,19-Mar-23,24.68,,3-Jun-23
BBCW10,AP147,20-Mar-23,22.92,,3-Jun-23
BBCW10,AP147,21-Mar-23,22.67,,3-Jun-23
BBCW10,AP147,22-Mar-23,23.43,,3-Jun-23
BBCW10,AP147,23-Mar-23,24.05,,3-Jun-23
BBCW10,AP147,24-Mar-23,24.86,,3-Jun-23
BBCW10,AP147,25-Mar-23,25.87,,3-Jun-23
BBCW10,AP147,26-Mar-23,26.86,,3-Jun-23
BBCW10,AP147,27-Mar-23,27.23,,3-Jun-23
BBCW10,AP147,28-Mar-23,28.01,,3-Jun-23
BBCW10,AP147,29-Mar-23,28.72,,3-Jun-23
BBCW10,AP147,30-Mar-23,27.82,,3-Jun-23
BBCW10,AP147,31-Mar-23,26.07,,3-Jun-23
BBCW10,AP147,1-Apr-23,26.5,,3-Jun-23
BBCW10,AP147,2-Apr-23,27.49,,3-Jun-23
BBCW10,AP147,3-Apr-23,28.75,,3-Jun-23
BBCW10,AP147,4-Apr-23,28.59,,3-Jun-23
BBCW10,AP147,5-Apr-23,28.15,,3-Jun-23
BBCW10,AP147,6-Apr-23,27.38,,3-Jun-23
BBCW10,AP147,7-Apr-23,27.11,,3-Jun-23
BBCW10,AP147,8-Apr-23,27.08,,3-Jun-23
BBCW10,AP147,9-Apr-23,27.82,,3-Jun-23
BBCW10,AP147,10-Apr-23,26.44,,3-Jun-23
BBCW10,AP147,11-Apr-23,23.95,,3-Jun-23
BBCW10,AP147,12-Apr-23,22.98,,3-Jun-23
BBCW10,AP147,13-Apr-23,24.38,,10-Jun-23
BBCW10,AP147,14-Apr-23,26.64,,10-Jun-23
BBCW10,AP147,15-Apr-23,28.61,,10-Jun-23
BBCW10,AP147,16-Apr-23,29.5,,10-Jun-23
BBCW10,AP147,17-Apr-23,28.8,,10-Jun-23
BBCW10,AP147,18-Apr-23,27.48,,10-Jun-23
BBCW10,AP147,19-Apr-23,25.94,,10-Jun-23
BBCW10,AP147,20-Apr-23,25.83,,10-Jun-23
BBCW10,AP147,21-Apr-23,26.73,,10-Jun-23
BBCW10,AP147,22-Apr-23,27.48,,10-Jun-23
BBCW10,AP147,23-Apr-23,28.18,,10-Jun-23
BBCW10,AP147,24-Apr-23,28.27,,10-Jun-23
BBCW10,AP147,25-Apr-23,27.54,,10-Jun-23
BBCW10,AP147,26-Apr-23,28.53,,10-Jun-23
BBCW10,AP147,27-Apr-23,29.17,,10-Jun-23
BBCW10,AP147,28-Apr-23,29.18,,10-Jun-23
BBCW10,AP147,29-Apr-23,29.87,,10-Jun-23
BBCW10,AP147,30-Apr-23,28.66,,10-Jun-23
BBCW10,AP147,1-May-23,27.93,,10-Jun-23
BBCW10,AP147,2-May-23,28.12,,10-Jun-23
BBCW10,AP147,3-May-23,28.38,,10-Jun-23
BBCW10,AP147,4-May-23,28.09,,10-Jun-23
BBCW10,AP147,5-May-23,28.31,,10-Jun-23
BBCW10,AP147,6-May-23,28.1,,10-Jun-23
BBCW10,AP147,7-May-23,26.95,,10-Jun-23
BBCW10,AP147,8-May-23,26.45,,10-Jun-23
BBCW10,AP147,9-May-23,27.51,,10-Jun-23
BBCW10,AP147,10-May-23,28.78,,10-Jun-23
BBCW10,AP147,11-May-23,28.99,,10-Jun-23
BBCW10,AP147,12-May-23,28.3,,10-Jun-23
BBCW10,AP147,13-May-23,27.98,,10-Jun-23
BBCW10,AP147,14-May-23,28.13,,10-Jun-23
BBCW10,AP147,15-May-23,29.12,,10-Jun-23
BBCW10,AP147,16-May-23,29.73,,10-Jun-23
BBCW10,AP147,17-May-23,30.12,,10-Jun-23
BBCW10,AP147,18-May-23,30.24,,10-Jun-23
BBCW10,AP147,19-May-23,30.17,,10-Jun-23
BBCW10,AP147,20-May-23,29.83,,10-Jun-23
BBCW10,AP147,21-May-23,30,,10-Jun-23
BBCW10,AP147,22-May-23,30.36,,10-Jun-23
BBCW10,AP147,23-May-23,30.56,P,1-Jun-23
BBCW10,AP147,24-May-23,29.65,P,27-May-23
BBCW10,AP147,25-May-23,28.98,P,6-Jul-23
BBCW10,AP147,26-May-23,28.94,P,27-May-23
BBCW10,AP147,27-May-23,28.45,P,28-May-23
BBCW10,AP147,28-May-23,30.1,P,29-May-23
BBCW10,AP147,29-May-23,30.43,P,6-Jul-23
BBCW10,AP147,30-May-23,30.6,P,6-Jul-23
BBCW10,AP147,31-May-23,30.43,P,6-Jul-23
BBCW10,AP147,1-Jun-23,29.76,P,6-Jul-23
BBCW10,AP147,2-Jun-23,29.82,P,3-Jun-23
BBCW10,AP147,3-Jun-23,29.84,P,4-Jun-23
BBCW10,AP147,4-Jun-23,29.95,P,5-Jun-23
BBCW10,AP147,5-Jun-23,30.06,P,6-Jun-23
BBCW10,AP147,6-Jun-23,29.5,P,7-Jun-23
BBCW10,AP147,7-Jun-23,29.67,P,8-Jun-23
BBCW10,AP147,8-Jun-23,29.81,P,6-Jul-23
BBCW10,AP147,9-Jun-23,29.63,P,6-Jul-23
BBCW10,AP147,10-Jun-23,30.47,P,11-Jun-23
BBCW10,AP147,11-Jun-23,30.57,P,12-Jun-23
BBCW10,AP147,12-Jun-23,29.62,P,6-Jul-23
BBCW10,AP147,13-Jun-23,30.04,P,14-Jun-23
BBCW10,AP147,14-Jun-23,31.55,P,15-Jun-23
BBCW10,AP147,15-Jun-23,32.14,P,16-Jun-23
BBCW10,AP147,16-Jun-23,31.96,P,17-Jun-23
BBCW10,AP147,17-Jun-23,31.35,P,6-Jul-23
BBCW10,AP147,18-Jun-23,29.96,P,6-Jul-23
BBCW10,AP147,19-Jun-23,29.48,P,6-Jul-23
BBCW10,AP147,20-Jun-23,29.53,P,21-Jun-23
BBCW10,AP147,21-Jun-23,30.06,P,22-Jun-23
BBCW10,AP147,22-Jun-23,29.98,P,6-Jul-23
BBCW10,AP147,23-Jun-23,30.4,P,24-Jun-23
BBCW10,AP147,24-Jun-23,30.84,P,25-Jun-23
BBCW10,AP147,25-Jun-23,30.37,P,6-Jul-23
BBCW10,AP147,26-Jun-23,30.04,P,27-Jun-23
BBCW10,AP147,27-Jun-23,30.83,P,6-Jul-23
BBCW10,AP147,28-Jun-23,32.24,P,6-Jul-23
BBCW10,AP147,29-Jun-23,32.45,P,6-Jul-23
BBCW10,AP147,30-Jun-23,31.55,P,4-Jul-23
BBCW10,AP147,1-Jul-23,31.14,P,2-Jul-23
BBCW10,AP147,2-Jul-23,30.93,P,3-Jul-23
BBCW10,AP147,3-Jul-23,31.86,P,4-Jul-23
BBCW10,AP147,4-Jul-23,32.5,P,5-Jul-23
BBCW10,AP147,5-Jul-23,32.8,P,6-Jul-23
BBCW10,AP147,6-Jul-23,32.53,P,11-Jul-23
BBCW10,AP147,7-Jul-23,33.11,P,9-Jul-23
BBCW10,AP147,8-Jul-23,33.35,P,9-Jul-23
BBCW10,AP147,9-Jul-23,33.02,P,10-Jul-23
BBCW10,AP147,10-Jul-23,33.29,P,11-Jul-23
 ,,,,,
