Station,DBKEY,Daily Date,Data Value,Qualifer,Revision Date
BBCW10,AP146,29-Sep-21,1,,30-Nov-21
BBCW10,AP146,30-Sep-21,1,,30-Nov-21
BBCW10,AP146,1-Oct-21,2,,30-Nov-21
BBCW10,AP146,2-Oct-21,2,,30-Nov-21
BBCW10,AP146,3-Oct-21,2,,30-Nov-21
BBCW10,AP146,4-Oct-21,2,,30-Nov-21
BBCW10,AP146,5-Oct-21,2,,30-Nov-21
BBCW10,AP146,6-Oct-21,2,,30-Nov-21
BBCW10,AP146,7-Oct-21,2,,30-Nov-21
BBCW10,AP146,8-Oct-21,2,,30-Nov-21
BBCW10,AP146,9-Oct-21,2,,30-Nov-21
BBCW10,AP146,10-Oct-21,2,,30-Nov-21
BBCW10,AP146,11-Oct-21,2,,30-Nov-21
BBCW10,AP146,12-Oct-21,2,,30-Nov-21
BBCW10,AP146,13-Oct-21,2,,30-Nov-21
BBCW10,AP146,14-Oct-21,2,,30-Nov-21
BBCW10,AP146,15-Oct-21,2,,30-Nov-21
BBCW10,AP146,16-Oct-21,2,,30-Nov-21
BBCW10,AP146,17-Oct-21,2,,30-Nov-21
BBCW10,AP146,18-Oct-21,3,,30-Nov-21
BBCW10,AP146,19-Oct-21,2,,30-Nov-21
BBCW10,AP146,20-Oct-21,3,,30-Nov-21
BBCW10,AP146,21-Oct-21,2,,30-Nov-21
BBCW10,AP146,22-Oct-21,2,,30-Nov-21
BBCW10,AP146,23-Oct-21,5,,30-Nov-21
BBCW10,AP146,24-Oct-21,2,,30-Nov-21
BBCW10,AP146,25-Oct-21,2,,30-Nov-21
BBCW10,AP146,26-Oct-21,2,,7-Jan-22
BBCW10,AP146,27-Oct-21,2,,7-Jan-22
BBCW10,AP146,28-Oct-21,2,,7-Jan-22
BBCW10,AP146,29-Oct-21,2,,7-Jan-22
BBCW10,AP146,30-Oct-21,2,,7-Jan-22
BBCW10,AP146,31-Oct-21,2,,7-Jan-22
BBCW10,AP146,1-Nov-21,2,,7-Jan-22
BBCW10,AP146,2-Nov-21,2,,7-Jan-22
BBCW10,AP146,3-Nov-21,2,,7-Jan-22
BBCW10,AP146,4-Nov-21,2,,7-Jan-22
BBCW10,AP146,5-Nov-21,2,,7-Jan-22
BBCW10,AP146,6-Nov-21,2,,7-Jan-22
BBCW10,AP146,7-Nov-21,2,,7-Jan-22
BBCW10,AP146,8-Nov-21,2,,7-Jan-22
BBCW10,AP146,9-Nov-21,2,,7-Jan-22
BBCW10,AP146,10-Nov-21,2,,7-Jan-22
BBCW10,AP146,11-Nov-21,1,,7-Jan-22
BBCW10,AP146,12-Nov-21,1,,7-Jan-22
BBCW10,AP146,13-Nov-21,1,,7-Jan-22
BBCW10,AP146,14-Nov-21,1,,7-Jan-22
BBCW10,AP146,15-Nov-21,1,,7-Jan-22
BBCW10,AP146,16-Nov-21,1,,7-Jan-22
BBCW10,AP146,17-Nov-21,1,,7-Jan-22
BBCW10,AP146,18-Nov-21,1,,7-Jan-22
BBCW10,AP146,19-Nov-21,2,,7-Jan-22
BBCW10,AP146,20-Nov-21,3,,7-Jan-22
BBCW10,AP146,21-Nov-21,2,,1-Mar-22
BBCW10,AP146,22-Nov-21,1,,1-Mar-22
BBCW10,AP146,23-Nov-21,2,,1-Mar-22
BBCW10,AP146,24-Nov-21,2,,1-Mar-22
BBCW10,AP146,25-Nov-21,2,,1-Mar-22
BBCW10,AP146,26-Nov-21,1,,1-Mar-22
BBCW10,AP146,27-Nov-21,1,,1-Mar-22
BBCW10,AP146,28-Nov-21,1,,1-Mar-22
BBCW10,AP146,29-Nov-21,1,,1-Mar-22
BBCW10,AP146,30-Nov-21,1,,1-Mar-22
BBCW10,AP146,1-Dec-21,1,,1-Mar-22
BBCW10,AP146,2-Dec-21,1,,1-Mar-22
BBCW10,AP146,3-Dec-21,1,,1-Mar-22
BBCW10,AP146,4-Dec-21,1,,1-Mar-22
BBCW10,AP146,5-Dec-21,1,,1-Mar-22
BBCW10,AP146,6-Dec-21,1,,1-Mar-22
BBCW10,AP146,7-Dec-21,1,,1-Mar-22
BBCW10,AP146,8-Dec-21,1,,1-Mar-22
BBCW10,AP146,9-Dec-21,1,,1-Mar-22
BBCW10,AP146,10-Dec-21,1,,1-Mar-22
BBCW10,AP146,11-Dec-21,1,,1-Mar-22
BBCW10,AP146,12-Dec-21,1,,1-Mar-22
BBCW10,AP146,13-Dec-21,2,,1-Mar-22
BBCW10,AP146,14-Dec-21,2,,1-Mar-22
BBCW10,AP146,15-Dec-21,2,,1-Mar-22
BBCW10,AP146,16-Dec-21,2,,1-Mar-22
BBCW10,AP146,17-Dec-21,2,,1-Mar-22
BBCW10,AP146,18-Dec-21,2,,1-Mar-22
BBCW10,AP146,19-Dec-21,2,,1-Mar-22
BBCW10,AP146,20-Dec-21,2,,1-Mar-22
BBCW10,AP146,21-Dec-21,2,,1-Mar-22
BBCW10,AP146,22-Dec-21,1,,1-Mar-22
BBCW10,AP146,23-Dec-21,1,,1-Mar-22
BBCW10,AP146,24-Dec-21,1,,1-Mar-22
BBCW10,AP146,25-Dec-21,1,,1-Mar-22
BBCW10,AP146,26-Dec-21,1,,1-Mar-22
BBCW10,AP146,27-Dec-21,1,,1-Mar-22
BBCW10,AP146,28-Dec-21,1,,1-Mar-22
BBCW10,AP146,29-Dec-21,1,,1-Mar-22
BBCW10,AP146,30-Dec-21,1,,1-Mar-22
BBCW10,AP146,31-Dec-21,1,,1-Mar-22
BBCW10,AP146,1-Jan-22,1,,1-Mar-22
BBCW10,AP146,2-Jan-22,2,,1-Mar-22
BBCW10,AP146,3-Jan-22,2,,1-Mar-22
BBCW10,AP146,4-Jan-22,2,,1-Mar-22
BBCW10,AP146,5-Jan-22,2,,1-Mar-22
BBCW10,AP146,6-Jan-22,1,,1-Mar-22
BBCW10,AP146,7-Jan-22,1,,1-Mar-22
BBCW10,AP146,8-Jan-22,2,,1-Mar-22
BBCW10,AP146,9-Jan-22,4,,1-Mar-22
BBCW10,AP146,10-Jan-22,2,,1-Mar-22
BBCW10,AP146,11-Jan-22,2,,1-Mar-22
BBCW10,AP146,12-Jan-22,5,,1-Mar-22
BBCW10,AP146,13-Jan-22,2,,1-Mar-22
BBCW10,AP146,14-Jan-22,2,,1-Mar-22
BBCW10,AP146,15-Jan-22,2,,1-Mar-22
BBCW10,AP146,16-Jan-22,3,,1-Mar-22
BBCW10,AP146,17-Jan-22,2,,1-Mar-22
BBCW10,AP146,18-Jan-22,2,,20-May-22
BBCW10,AP146,19-Jan-22,2,,20-May-22
BBCW10,AP146,20-Jan-22,2,,20-May-22
BBCW10,AP146,21-Jan-22,1,,20-May-22
BBCW10,AP146,22-Jan-22,1,,20-May-22
BBCW10,AP146,23-Jan-22,2,,20-May-22
BBCW10,AP146,24-Jan-22,2,,20-May-22
BBCW10,AP146,25-Jan-22,2,,20-May-22
BBCW10,AP146,26-Jan-22,1,,20-May-22
BBCW10,AP146,27-Jan-22,1,,20-May-22
BBCW10,AP146,28-Jan-22,1,,20-May-22
BBCW10,AP146,29-Jan-22,3,,20-May-22
BBCW10,AP146,30-Jan-22,2,,20-May-22
BBCW10,AP146,31-Jan-22,2,,20-May-22
BBCW10,AP146,1-Feb-22,1,,20-May-22
BBCW10,AP146,2-Feb-22,2,,20-May-22
BBCW10,AP146,3-Feb-22,2,,20-May-22
BBCW10,AP146,4-Feb-22,2,,20-May-22
BBCW10,AP146,5-Feb-22,1,,20-May-22
BBCW10,AP146,6-Feb-22,1,,20-May-22
BBCW10,AP146,7-Feb-22,1,,20-May-22
BBCW10,AP146,8-Feb-22,1,,20-May-22
BBCW10,AP146,9-Feb-22,2,,20-May-22
BBCW10,AP146,10-Feb-22,2,,20-May-22
BBCW10,AP146,11-Feb-22,2,,20-May-22
BBCW10,AP146,12-Feb-22,2,,20-May-22
BBCW10,AP146,13-Feb-22,2,,20-May-22
BBCW10,AP146,14-Feb-22,3,,20-May-22
BBCW10,AP146,15-Feb-22,5,,20-May-22
BBCW10,AP146,16-Feb-22,4,,20-May-22
BBCW10,AP146,17-Feb-22,3,,20-May-22
BBCW10,AP146,18-Feb-22,3,,20-May-22
BBCW10,AP146,19-Feb-22,2,,20-May-22
BBCW10,AP146,20-Feb-22,4,,20-May-22
BBCW10,AP146,21-Feb-22,3,,20-May-22
BBCW10,AP146,22-Feb-22,3,,20-May-22
BBCW10,AP146,23-Feb-22,3,,20-May-22
BBCW10,AP146,24-Feb-22,3,,20-May-22
BBCW10,AP146,25-Feb-22,3,,20-May-22
BBCW10,AP146,26-Feb-22,2,,20-May-22
BBCW10,AP146,27-Feb-22,2,,20-May-22
BBCW10,AP146,28-Feb-22,2,,20-May-22
BBCW10,AP146,1-Mar-22,2,,20-May-22
BBCW10,AP146,2-Mar-22,2,,20-May-22
BBCW10,AP146,3-Mar-22,2,,20-May-22
BBCW10,AP146,4-Mar-22,3,,20-May-22
BBCW10,AP146,5-Mar-22,5,,20-May-22
BBCW10,AP146,6-Mar-22,5,,20-May-22
BBCW10,AP146,7-Mar-22,5,,20-May-22
BBCW10,AP146,8-Mar-22,4,,20-May-22
BBCW10,AP146,9-Mar-22,3,,20-May-22
BBCW10,AP146,10-Mar-22,3,,20-May-22
BBCW10,AP146,11-Mar-22,3,,20-May-22
BBCW10,AP146,12-Mar-22,4,,20-May-22
BBCW10,AP146,13-Mar-22,4,,20-May-22
BBCW10,AP146,14-Mar-22,3,,20-May-22
BBCW10,AP146,15-Mar-22,3,,20-May-22
BBCW10,AP146,16-Mar-22,3,,20-May-22
BBCW10,AP146,17-Mar-22,2,,20-May-22
BBCW10,AP146,18-Mar-22,2,,20-May-22
BBCW10,AP146,19-Mar-22,2,,20-May-22
BBCW10,AP146,20-Mar-22,2,,20-May-22
BBCW10,AP146,21-Mar-22,4,,20-May-22
BBCW10,AP146,22-Mar-22,4,,20-May-22
BBCW10,AP146,23-Mar-22,4,,20-May-22
BBCW10,AP146,24-Mar-22,3,,20-May-22
BBCW10,AP146,25-Mar-22,3,,20-May-22
BBCW10,AP146,26-Mar-22,3,,20-May-22
BBCW10,AP146,27-Mar-22,3,,20-May-22
BBCW10,AP146,28-Mar-22,3,,20-May-22
BBCW10,AP146,29-Mar-22,3,,9-Jul-22
BBCW10,AP146,30-Mar-22,3,,9-Jul-22
BBCW10,AP146,31-Mar-22,6,,9-Jul-22
BBCW10,AP146,1-Apr-22,3,,9-Jul-22
BBCW10,AP146,2-Apr-22,2,,9-Jul-22
BBCW10,AP146,3-Apr-22,2,,9-Jul-22
BBCW10,AP146,4-Apr-22,2,,9-Jul-22
BBCW10,AP146,5-Apr-22,2,,9-Jul-22
BBCW10,AP146,6-Apr-22,2,,9-Jul-22
BBCW10,AP146,7-Apr-22,2,,9-Jul-22
BBCW10,AP146,8-Apr-22,2,,9-Jul-22
BBCW10,AP146,9-Apr-22,2,,9-Jul-22
BBCW10,AP146,10-Apr-22,2,,9-Jul-22
BBCW10,AP146,11-Apr-22,2,,9-Jul-22
BBCW10,AP146,12-Apr-22,2,,9-Jul-22
BBCW10,AP146,13-Apr-22,2,,9-Jul-22
BBCW10,AP146,14-Apr-22,2,,9-Jul-22
BBCW10,AP146,15-Apr-22,3,,9-Jul-22
BBCW10,AP146,16-Apr-22,2,,9-Jul-22
BBCW10,AP146,17-Apr-22,2,,9-Jul-22
BBCW10,AP146,18-Apr-22,2,,9-Jul-22
BBCW10,AP146,19-Apr-22,2,,9-Jul-22
BBCW10,AP146,20-Apr-22,3,,9-Jul-22
BBCW10,AP146,21-Apr-22,3,,9-Jul-22
BBCW10,AP146,22-Apr-22,5,,9-Jul-22
BBCW10,AP146,23-Apr-22,3,,9-Jul-22
BBCW10,AP146,24-Apr-22,3,,9-Jul-22
BBCW10,AP146,25-Apr-22,3,,9-Jul-22
BBCW10,AP146,26-Apr-22,2,,16-Jul-22
BBCW10,AP146,27-Apr-22,2,,16-Jul-22
BBCW10,AP146,28-Apr-22,2,,16-Jul-22
BBCW10,AP146,29-Apr-22,2,,16-Jul-22
BBCW10,AP146,30-Apr-22,2,,16-Jul-22
BBCW10,AP146,1-May-22,3,,16-Jul-22
BBCW10,AP146,2-May-22,2,,16-Jul-22
BBCW10,AP146,3-May-22,2,,16-Jul-22
BBCW10,AP146,4-May-22,2,,16-Jul-22
BBCW10,AP146,5-May-22,2,,16-Jul-22
BBCW10,AP146,6-May-22,2,,16-Jul-22
BBCW10,AP146,7-May-22,2,,16-Jul-22
BBCW10,AP146,8-May-22,1,,16-Jul-22
BBCW10,AP146,9-May-22,2,,16-Jul-22
BBCW10,AP146,10-May-22,2,,16-Jul-22
BBCW10,AP146,11-May-22,2,,16-Jul-22
BBCW10,AP146,12-May-22,1,,16-Jul-22
BBCW10,AP146,13-May-22,1,,16-Jul-22
BBCW10,AP146,14-May-22,1,,16-Jul-22
BBCW10,AP146,15-May-22,1,,16-Jul-22
BBCW10,AP146,16-May-22,1,,16-Jul-22
BBCW10,AP146,17-May-22,1,,16-Jul-22
BBCW10,AP146,18-May-22,1,,16-Jul-22
BBCW10,AP146,19-May-22,1,,16-Jul-22
BBCW10,AP146,20-May-22,2,,16-Jul-22
BBCW10,AP146,21-May-22,3,,16-Jul-22
BBCW10,AP146,22-May-22,3,,16-Jul-22
BBCW10,AP146,23-May-22,2,,16-Jul-22
BBCW10,AP146,24-May-22,2,,16-Jul-22
BBCW10,AP146,25-May-22,2,,16-Jul-22
BBCW10,AP146,26-May-22,2,,17-Sep-22
BBCW10,AP146,27-May-22,2,,17-Sep-22
BBCW10,AP146,28-May-22,2,,17-Sep-22
BBCW10,AP146,29-May-22,3,,17-Sep-22
BBCW10,AP146,30-May-22,2,,17-Sep-22
BBCW10,AP146,31-May-22,2,,17-Sep-22
BBCW10,AP146,1-Jun-22,2,,17-Sep-22
BBCW10,AP146,2-Jun-22,2,,17-Sep-22
BBCW10,AP146,3-Jun-22,3,,17-Sep-22
BBCW10,AP146,4-Jun-22,12,,17-Sep-22
BBCW10,AP146,5-Jun-22,6,,17-Sep-22
BBCW10,AP146,6-Jun-22,3,,17-Sep-22
BBCW10,AP146,7-Jun-22,7,,17-Sep-22
BBCW10,AP146,8-Jun-22,4,,17-Sep-22
BBCW10,AP146,9-Jun-22,2,,17-Sep-22
BBCW10,AP146,10-Jun-22,3,,17-Sep-22
BBCW10,AP146,11-Jun-22,3,,17-Sep-22
BBCW10,AP146,12-Jun-22,2,,17-Sep-22
BBCW10,AP146,13-Jun-22,1,,17-Sep-22
BBCW10,AP146,14-Jun-22,1,,17-Sep-22
BBCW10,AP146,15-Jun-22,1,,17-Sep-22
BBCW10,AP146,16-Jun-22,1,,17-Sep-22
BBCW10,AP146,17-Jun-22,1,,17-Sep-22
BBCW10,AP146,18-Jun-22,1,,17-Sep-22
BBCW10,AP146,19-Jun-22,1,,17-Sep-22
BBCW10,AP146,20-Jun-22,1,,17-Sep-22
BBCW10,AP146,21-Jun-22,2,,17-Sep-22
BBCW10,AP146,22-Jun-22,2,,17-Sep-22
BBCW10,AP146,23-Jun-22,2,,17-Sep-22
BBCW10,AP146,24-Jun-22,1,,17-Sep-22
BBCW10,AP146,25-Jun-22,1,,17-Sep-22
BBCW10,AP146,26-Jun-22,1,,17-Sep-22
BBCW10,AP146,27-Jun-22,1,,17-Sep-22
BBCW10,AP146,28-Jun-22,1,,17-Sep-22
BBCW10,AP146,29-Jun-22,1,,22-Nov-22
BBCW10,AP146,30-Jun-22,1,,22-Nov-22
BBCW10,AP146,1-Jul-22,2,,22-Nov-22
BBCW10,AP146,2-Jul-22,2,,22-Nov-22
BBCW10,AP146,3-Jul-22,2,,22-Nov-22
BBCW10,AP146,4-Jul-22,1,,22-Nov-22
BBCW10,AP146,5-Jul-22,1,,22-Nov-22
BBCW10,AP146,6-Jul-22,2,,22-Nov-22
BBCW10,AP146,7-Jul-22,2,,22-Nov-22
BBCW10,AP146,8-Jul-22,2,,22-Nov-22
BBCW10,AP146,9-Jul-22,2,,22-Nov-22
BBCW10,AP146,10-Jul-22,2,,22-Nov-22
BBCW10,AP146,11-Jul-22,2,,22-Nov-22
BBCW10,AP146,12-Jul-22,2,,22-Nov-22
BBCW10,AP146,13-Jul-22,2,,22-Nov-22
BBCW10,AP146,14-Jul-22,2,,22-Nov-22
BBCW10,AP146,15-Jul-22,4,,22-Nov-22
BBCW10,AP146,16-Jul-22,3,,22-Nov-22
BBCW10,AP146,17-Jul-22,3,,22-Nov-22
BBCW10,AP146,18-Jul-22,2,,22-Nov-22
BBCW10,AP146,19-Jul-22,2,,22-Nov-22
BBCW10,AP146,20-Jul-22,3,,22-Nov-22
BBCW10,AP146,21-Jul-22,2,,22-Nov-22
BBCW10,AP146,22-Jul-22,2,,22-Nov-22
BBCW10,AP146,23-Jul-22,2,,22-Nov-22
BBCW10,AP146,24-Jul-22,4,,22-Nov-22
BBCW10,AP146,25-Jul-22,4,,22-Nov-22
BBCW10,AP146,26-Jul-22,4,,22-Nov-22
BBCW10,AP146,27-Jul-22,2,,22-Nov-22
BBCW10,AP146,28-Jul-22,2,,22-Nov-22
BBCW10,AP146,29-Jul-22,2,,22-Nov-22
BBCW10,AP146,30-Jul-22,3,,22-Nov-22
BBCW10,AP146,31-Jul-22,2,,22-Nov-22
BBCW10,AP146,1-Aug-22,2,,22-Nov-22
BBCW10,AP146,2-Aug-22,2,,22-Nov-22
BBCW10,AP146,3-Aug-22,2,,22-Nov-22
BBCW10,AP146,4-Aug-22,2,,22-Nov-22
BBCW10,AP146,5-Aug-22,2,,22-Nov-22
BBCW10,AP146,6-Aug-22,2,,22-Nov-22
BBCW10,AP146,7-Aug-22,2,,22-Nov-22
BBCW10,AP146,8-Aug-22,2,,22-Nov-22
BBCW10,AP146,9-Aug-22,2,,22-Nov-22
BBCW10,AP146,10-Aug-22,2,,22-Nov-22
BBCW10,AP146,11-Aug-22,2,,22-Nov-22
BBCW10,AP146,12-Aug-22,2,,22-Nov-22
BBCW10,AP146,13-Aug-22,2,,22-Nov-22
BBCW10,AP146,14-Aug-22,2,,22-Nov-22
BBCW10,AP146,15-Aug-22,2,,22-Nov-22
BBCW10,AP146,16-Aug-22,2,,22-Nov-22
BBCW10,AP146,17-Aug-22,2,,22-Nov-22
BBCW10,AP146,18-Aug-22,1,,22-Nov-22
BBCW10,AP146,19-Aug-22,1,,22-Nov-22
BBCW10,AP146,20-Aug-22,1,,22-Nov-22
BBCW10,AP146,21-Aug-22,2,,22-Nov-22
BBCW10,AP146,22-Aug-22,1,,22-Nov-22
BBCW10,AP146,23-Aug-22,1,,22-Nov-22
BBCW10,AP146,24-Aug-22,1,,22-Nov-22
BBCW10,AP146,25-Aug-22,1,,22-Nov-22
BBCW10,AP146,26-Aug-22,1,,22-Nov-22
BBCW10,AP146,27-Aug-22,1,,22-Nov-22
BBCW10,AP146,28-Aug-22,2,,22-Nov-22
BBCW10,AP146,29-Aug-22,1,,22-Nov-22
BBCW10,AP146,30-Aug-22,1,,22-Nov-22
BBCW10,AP146,31-Aug-22,1,,19-Feb-23
BBCW10,AP146,1-Sep-22,2,,19-Feb-23
BBCW10,AP146,2-Sep-22,2,,19-Feb-23
BBCW10,AP146,3-Sep-22,2,,19-Feb-23
BBCW10,AP146,4-Sep-22,2,,19-Feb-23
BBCW10,AP146,5-Sep-22,2,,19-Feb-23
BBCW10,AP146,6-Sep-22,2,,19-Feb-23
BBCW10,AP146,7-Sep-22,2,,19-Feb-23
BBCW10,AP146,8-Sep-22,2,,19-Feb-23
BBCW10,AP146,9-Sep-22,2,,19-Feb-23
BBCW10,AP146,10-Sep-22,2,,19-Feb-23
BBCW10,AP146,11-Sep-22,2,,19-Feb-23
BBCW10,AP146,12-Sep-22,2,,19-Feb-23
BBCW10,AP146,13-Sep-22,2,,19-Feb-23
BBCW10,AP146,14-Sep-22,2,,19-Feb-23
BBCW10,AP146,15-Sep-22,2,,19-Feb-23
BBCW10,AP146,16-Sep-22,2,,19-Feb-23
BBCW10,AP146,17-Sep-22,2,,19-Feb-23
BBCW10,AP146,18-Sep-22,2,,19-Feb-23
BBCW10,AP146,19-Sep-22,2,,19-Feb-23
BBCW10,AP146,20-Sep-22,2,,19-Feb-23
BBCW10,AP146,21-Sep-22,2,,19-Feb-23
BBCW10,AP146,22-Sep-22,2,,19-Feb-23
BBCW10,AP146,23-Sep-22,2,,19-Feb-23
BBCW10,AP146,24-Sep-22,2,,19-Feb-23
BBCW10,AP146,25-Sep-22,2,,19-Feb-23
BBCW10,AP146,26-Sep-22,2,,19-Feb-23
BBCW10,AP146,27-Sep-22,16,,19-Feb-23
BBCW10,AP146,28-Sep-22,29,,19-Feb-23
BBCW10,AP146,29-Sep-22,4,,19-Feb-23
BBCW10,AP146,30-Sep-22,2,,19-Feb-23
BBCW10,AP146,1-Oct-22,2,,19-Feb-23
BBCW10,AP146,2-Oct-22,2,,19-Feb-23
BBCW10,AP146,3-Oct-22,1,,19-Feb-23
BBCW10,AP146,4-Oct-22,1,,19-Feb-23
BBCW10,AP146,5-Oct-22,2,,19-Feb-23
BBCW10,AP146,6-Oct-22,2,,19-Feb-23
BBCW10,AP146,7-Oct-22,2,,19-Feb-23
BBCW10,AP146,8-Oct-22,3,,19-Feb-23
BBCW10,AP146,9-Oct-22,2,,19-Feb-23
BBCW10,AP146,10-Oct-22,2,,19-Feb-23
BBCW10,AP146,11-Oct-22,2,,19-Feb-23
BBCW10,AP146,12-Oct-22,2,,19-Feb-23
BBCW10,AP146,13-Oct-22,1,,19-Feb-23
BBCW10,AP146,14-Oct-22,1,,19-Feb-23
BBCW10,AP146,15-Oct-22,1,,19-Feb-23
BBCW10,AP146,16-Oct-22,2,,19-Feb-23
BBCW10,AP146,17-Oct-22,2,,19-Feb-23
BBCW10,AP146,18-Oct-22,1,,19-Feb-23
BBCW10,AP146,19-Oct-22,1,,19-Feb-23
BBCW10,AP146,20-Oct-22,1,,19-Feb-23
BBCW10,AP146,21-Oct-22,1,,19-Feb-23
BBCW10,AP146,22-Oct-22,1,,19-Feb-23
BBCW10,AP146,23-Oct-22,2,,19-Feb-23
BBCW10,AP146,24-Oct-22,1,,19-Feb-23
BBCW10,AP146,25-Oct-22,2,,19-Feb-23
BBCW10,AP146,26-Oct-22,2,,19-Feb-23
BBCW10,AP146,27-Oct-22,2,,19-Feb-23
BBCW10,AP146,28-Oct-22,2,,19-Feb-23
BBCW10,AP146,29-Oct-22,3,,19-Feb-23
BBCW10,AP146,30-Oct-22,3,,19-Feb-23
BBCW10,AP146,31-Oct-22,2,,19-Feb-23
BBCW10,AP146,1-Nov-22,2,,19-Feb-23
BBCW10,AP146,2-Nov-22,2,,19-Feb-23
BBCW10,AP146,3-Nov-22,2,,19-Feb-23
BBCW10,AP146,4-Nov-22,3,,19-Feb-23
BBCW10,AP146,5-Nov-22,3,,19-Feb-23
BBCW10,AP146,6-Nov-22,4,,19-Feb-23
BBCW10,AP146,7-Nov-22,7,,19-Feb-23
BBCW10,AP146,8-Nov-22,6,,19-Feb-23
BBCW10,AP146,9-Nov-22,4,,19-Feb-23
BBCW10,AP146,10-Nov-22,3,,19-Feb-23
BBCW10,AP146,11-Nov-22,3,,19-Feb-23
BBCW10,AP146,12-Nov-22,3,,19-Feb-23
BBCW10,AP146,13-Nov-22,2,,19-Feb-23
BBCW10,AP146,14-Nov-22,2,,19-Feb-23
BBCW10,AP146,15-Nov-22,2,,19-Feb-23
BBCW10,AP146,16-Nov-22,2,,19-Feb-23
BBCW10,AP146,17-Nov-22,3,,19-Feb-23
BBCW10,AP146,18-Nov-22,4,,19-Feb-23
BBCW10,AP146,19-Nov-22,4,,19-Feb-23
BBCW10,AP146,20-Nov-22,5,,19-Feb-23
BBCW10,AP146,21-Nov-22,12,,19-Feb-23
BBCW10,AP146,22-Nov-22,4,,19-Feb-23
BBCW10,AP146,23-Nov-22,3,,19-Feb-23
BBCW10,AP146,24-Nov-22,2,,19-Feb-23
BBCW10,AP146,25-Nov-22,2,,19-Feb-23
BBCW10,AP146,26-Nov-22,2,,19-Feb-23
BBCW10,AP146,27-Nov-22,2,,19-Feb-23
BBCW10,AP146,28-Nov-22,2,,19-Feb-23
BBCW10,AP146,29-Nov-22,3,,19-Feb-23
BBCW10,AP146,30-Nov-22,3,,19-Feb-23
BBCW10,AP146,1-Dec-22,9,,19-Feb-23
BBCW10,AP146,2-Dec-22,10,,19-Feb-23
BBCW10,AP146,3-Dec-22,5,,12-Apr-23
BBCW10,AP146,4-Dec-22,3,,12-Apr-23
BBCW10,AP146,5-Dec-22,2,,12-Apr-23
BBCW10,AP146,6-Dec-22,2,,12-Apr-23
BBCW10,AP146,7-Dec-22,2,,12-Apr-23
BBCW10,AP146,8-Dec-22,2,,12-Apr-23
BBCW10,AP146,9-Dec-22,2,,12-Apr-23
BBCW10,AP146,10-Dec-22,2,,12-Apr-23
BBCW10,AP146,11-Dec-22,2,,12-Apr-23
BBCW10,AP146,12-Dec-22,1,,12-Apr-23
BBCW10,AP146,13-Dec-22,1,,12-Apr-23
BBCW10,AP146,14-Dec-22,1,,12-Apr-23
BBCW10,AP146,15-Dec-22,2,,12-Apr-23
BBCW10,AP146,16-Dec-22,2,,12-Apr-23
BBCW10,AP146,17-Dec-22,1,,12-Apr-23
BBCW10,AP146,18-Dec-22,2,,12-Apr-23
BBCW10,AP146,19-Dec-22,2,,12-Apr-23
BBCW10,AP146,20-Dec-22,2,,12-Apr-23
BBCW10,AP146,21-Dec-22,2,,12-Apr-23
BBCW10,AP146,22-Dec-22,2,,12-Apr-23
BBCW10,AP146,23-Dec-22,2,,12-Apr-23
BBCW10,AP146,24-Dec-22,2,,12-Apr-23
BBCW10,AP146,25-Dec-22,2,,12-Apr-23
BBCW10,AP146,26-Dec-22,2,,12-Apr-23
BBCW10,AP146,27-Dec-22,1,,12-Apr-23
BBCW10,AP146,28-Dec-22,1,,12-Apr-23
BBCW10,AP146,29-Dec-22,1,,12-Apr-23
BBCW10,AP146,30-Dec-22,1,,12-Apr-23
BBCW10,AP146,31-Dec-22,1,,12-Apr-23
BBCW10,AP146,1-Jan-23,1,,12-Apr-23
BBCW10,AP146,2-Jan-23,1,,12-Apr-23
BBCW10,AP146,3-Jan-23,1,,12-Apr-23
BBCW10,AP146,4-Jan-23,1,,12-Apr-23
BBCW10,AP146,5-Jan-23,1,,12-Apr-23
BBCW10,AP146,6-Jan-23,2,,12-Apr-23
BBCW10,AP146,7-Jan-23,1,,12-Apr-23
BBCW10,AP146,8-Jan-23,1,,12-Apr-23
BBCW10,AP146,9-Jan-23,1,,12-Apr-23
BBCW10,AP146,10-Jan-23,1,,12-Apr-23
BBCW10,AP146,11-Jan-23,1,,12-Apr-23
BBCW10,AP146,12-Jan-23,1,,12-Apr-23
BBCW10,AP146,13-Jan-23,1,,12-Apr-23
BBCW10,AP146,14-Jan-23,1,,12-Apr-23
BBCW10,AP146,15-Jan-23,1,,12-Apr-23
BBCW10,AP146,16-Jan-23,1,,12-Apr-23
BBCW10,AP146,17-Jan-23,1,,12-Apr-23
BBCW10,AP146,18-Jan-23,1,,12-Apr-23
BBCW10,AP146,19-Jan-23,1,,12-Apr-23
BBCW10,AP146,20-Jan-23,1,,12-Apr-23
BBCW10,AP146,21-Jan-23,1,,12-Apr-23
BBCW10,AP146,22-Jan-23,1,,12-Apr-23
BBCW10,AP146,23-Jan-23,1,,12-Apr-23
BBCW10,AP146,24-Jan-23,2,,12-Apr-23
BBCW10,AP146,25-Jan-23,2,,12-Apr-23
BBCW10,AP146,26-Jan-23,1,,12-Apr-23
BBCW10,AP146,27-Jan-23,2,,12-Apr-23
BBCW10,AP146,28-Jan-23,3,,12-Apr-23
BBCW10,AP146,29-Jan-23,3,,12-Apr-23
BBCW10,AP146,30-Jan-23,2,,12-Apr-23
BBCW10,AP146,31-Jan-23,2,,12-Apr-23
BBCW10,AP146,1-Feb-23,2,,12-Apr-23
BBCW10,AP146,2-Feb-23,2,,12-Apr-23
BBCW10,AP146,3-Feb-23,2,,12-Apr-23
BBCW10,AP146,4-Feb-23,14,,12-Apr-23
BBCW10,AP146,5-Feb-23,5,,12-Apr-23
BBCW10,AP146,6-Feb-23,2,,12-Apr-23
BBCW10,AP146,7-Feb-23,2,,12-Apr-23
BBCW10,AP146,8-Feb-23,2,,12-Apr-23
BBCW10,AP146,9-Feb-23,2,,12-Apr-23
BBCW10,AP146,10-Feb-23,2,,12-Apr-23
BBCW10,AP146,11-Feb-23,1,,12-Apr-23
BBCW10,AP146,12-Feb-23,1,,12-Apr-23
BBCW10,AP146,13-Feb-23,1,,12-Apr-23
BBCW10,AP146,14-Feb-23,1,,12-Apr-23
BBCW10,AP146,15-Feb-23,1,,12-Apr-23
BBCW10,AP146,16-Feb-23,2,,12-Apr-23
BBCW10,AP146,17-Feb-23,1,,12-Apr-23
BBCW10,AP146,18-Feb-23,2,,12-Apr-23
BBCW10,AP146,19-Feb-23,2,,12-Apr-23
BBCW10,AP146,20-Feb-23,2,,12-Apr-23
BBCW10,AP146,21-Feb-23,1,,12-Apr-23
BBCW10,AP146,22-Feb-23,1,,12-Apr-23
BBCW10,AP146,23-Feb-23,1,,3-Jun-23
BBCW10,AP146,24-Feb-23,2,,3-Jun-23
BBCW10,AP146,25-Feb-23,2,,3-Jun-23
BBCW10,AP146,26-Feb-23,2,,3-Jun-23
BBCW10,AP146,27-Feb-23,2,,3-Jun-23
BBCW10,AP146,28-Feb-23,2,,3-Jun-23
BBCW10,AP146,1-Mar-23,2,,3-Jun-23
BBCW10,AP146,2-Mar-23,2,,3-Jun-23
BBCW10,AP146,3-Mar-23,2,,3-Jun-23
BBCW10,AP146,4-Mar-23,2,,3-Jun-23
BBCW10,AP146,5-Mar-23,2,,3-Jun-23
BBCW10,AP146,6-Mar-23,2,,3-Jun-23
BBCW10,AP146,7-Mar-23,2,,3-Jun-23
BBCW10,AP146,8-Mar-23,2,,3-Jun-23
BBCW10,AP146,9-Mar-23,2,,3-Jun-23
BBCW10,AP146,10-Mar-23,2,,3-Jun-23
BBCW10,AP146,11-Mar-23,1,,3-Jun-23
BBCW10,AP146,12-Mar-23,1,,3-Jun-23
BBCW10,AP146,13-Mar-23,1,,3-Jun-23
BBCW10,AP146,14-Mar-23,1,,3-Jun-23
BBCW10,AP146,15-Mar-23,2,,3-Jun-23
BBCW10,AP146,16-Mar-23,2,,3-Jun-23
BBCW10,AP146,17-Mar-23,2,,3-Jun-23
BBCW10,AP146,18-Mar-23,1,,3-Jun-23
BBCW10,AP146,19-Mar-23,1,,3-Jun-23
BBCW10,AP146,20-Mar-23,2,,3-Jun-23
BBCW10,AP146,21-Mar-23,2,,3-Jun-23
BBCW10,AP146,22-Mar-23,2,,3-Jun-23
BBCW10,AP146,23-Mar-23,2,,3-Jun-23
BBCW10,AP146,24-Mar-23,1,,3-Jun-23
BBCW10,AP146,25-Mar-23,1,,3-Jun-23
BBCW10,AP146,26-Mar-23,1,,3-Jun-23
BBCW10,AP146,27-Mar-23,1,,3-Jun-23
BBCW10,AP146,28-Mar-23,2,,3-Jun-23
BBCW10,AP146,29-Mar-23,3,,3-Jun-23
BBCW10,AP146,30-Mar-23,4,,3-Jun-23
BBCW10,AP146,31-Mar-23,5,,3-Jun-23
BBCW10,AP146,1-Apr-23,3,,3-Jun-23
BBCW10,AP146,2-Apr-23,3,,3-Jun-23
BBCW10,AP146,3-Apr-23,3,,3-Jun-23
BBCW10,AP146,4-Apr-23,3,,3-Jun-23
BBCW10,AP146,5-Apr-23,3,,3-Jun-23
BBCW10,AP146,6-Apr-23,3,,3-Jun-23
BBCW10,AP146,7-Apr-23,3,,3-Jun-23
BBCW10,AP146,8-Apr-23,3,,3-Jun-23
BBCW10,AP146,9-Apr-23,3,,3-Jun-23
BBCW10,AP146,10-Apr-23,5,,3-Jun-23
BBCW10,AP146,11-Apr-23,23,,3-Jun-23
BBCW10,AP146,12-Apr-23,12,,3-Jun-23
BBCW10,AP146,13-Apr-23,4,,10-Jun-23
BBCW10,AP146,14-Apr-23,3,,10-Jun-23
BBCW10,AP146,15-Apr-23,4,,10-Jun-23
BBCW10,AP146,16-Apr-23,3,,10-Jun-23
BBCW10,AP146,17-Apr-23,4,,10-Jun-23
BBCW10,AP146,18-Apr-23,4,,10-Jun-23
BBCW10,AP146,19-Apr-23,4,,10-Jun-23
BBCW10,AP146,20-Apr-23,4,,10-Jun-23
BBCW10,AP146,21-Apr-23,4,,10-Jun-23
BBCW10,AP146,22-Apr-23,3,,10-Jun-23
BBCW10,AP146,23-Apr-23,3,,10-Jun-23
BBCW10,AP146,24-Apr-23,4,,10-Jun-23
BBCW10,AP146,25-Apr-23,4,,10-Jun-23
BBCW10,AP146,26-Apr-23,4,,10-Jun-23
BBCW10,AP146,27-Apr-23,4,,10-Jun-23
BBCW10,AP146,28-Apr-23,3,,10-Jun-23
BBCW10,AP146,29-Apr-23,3,,10-Jun-23
BBCW10,AP146,30-Apr-23,4,,10-Jun-23
BBCW10,AP146,1-May-23,3,,10-Jun-23
BBCW10,AP146,2-May-23,3,,10-Jun-23
BBCW10,AP146,3-May-23,3,,10-Jun-23
BBCW10,AP146,4-May-23,3,,10-Jun-23
BBCW10,AP146,5-May-23,5,,10-Jun-23
BBCW10,AP146,6-May-23,3,,10-Jun-23
BBCW10,AP146,7-May-23,5,,10-Jun-23
BBCW10,AP146,8-May-23,4,,10-Jun-23
BBCW10,AP146,9-May-23,3,,10-Jun-23
BBCW10,AP146,10-May-23,3,,10-Jun-23
BBCW10,AP146,11-May-23,2,,10-Jun-23
BBCW10,AP146,12-May-23,3,,10-Jun-23
BBCW10,AP146,13-May-23,3,,10-Jun-23
BBCW10,AP146,14-May-23,3,,10-Jun-23
BBCW10,AP146,15-May-23,2,,10-Jun-23
BBCW10,AP146,16-May-23,2,,10-Jun-23
BBCW10,AP146,17-May-23,2,,10-Jun-23
BBCW10,AP146,18-May-23,2,,10-Jun-23
BBCW10,AP146,19-May-23,2,,10-Jun-23
BBCW10,AP146,20-May-23,2,,10-Jun-23
BBCW10,AP146,21-May-23,1,,10-Jun-23
BBCW10,AP146,22-May-23,1,,10-Jun-23
BBCW10,AP146,23-May-23,1,P,2-Jun-23
BBCW10,AP146,24-May-23,2,P,2-Jun-23
BBCW10,AP146,25-May-23,2,P,26-May-23
BBCW10,AP146,26-May-23,2,P,27-May-23
BBCW10,AP146,27-May-23,2,P,28-May-23
BBCW10,AP146,28-May-23,2,P,29-May-23
BBCW10,AP146,29-May-23,2,P,30-May-23
BBCW10,AP146,30-May-23,2,P,31-May-23
BBCW10,AP146,31-May-23,2,P,1-Jun-23
BBCW10,AP146,1-Jun-23,2,P,2-Jun-23
BBCW10,AP146,2-Jun-23,2,P,3-Jun-23
BBCW10,AP146,3-Jun-23,1,P,4-Jun-23
BBCW10,AP146,4-Jun-23,2,P,5-Jun-23
BBCW10,AP146,5-Jun-23,2,P,6-Jun-23
BBCW10,AP146,6-Jun-23,2,P,7-Jun-23
BBCW10,AP146,7-Jun-23,1,P,8-Jun-23
BBCW10,AP146,8-Jun-23,1,P,9-Jun-23
BBCW10,AP146,9-Jun-23,1,P,10-Jun-23
BBCW10,AP146,10-Jun-23,1,P,11-Jun-23
BBCW10,AP146,11-Jun-23,2,P,12-Jun-23
BBCW10,AP146,12-Jun-23,2,P,13-Jun-23
BBCW10,AP146,13-Jun-23,2,P,14-Jun-23
BBCW10,AP146,14-Jun-23,1,P,15-Jun-23
BBCW10,AP146,15-Jun-23,1,P,16-Jun-23
BBCW10,AP146,16-Jun-23,1,P,17-Jun-23
BBCW10,AP146,17-Jun-23,2,P,18-Jun-23
BBCW10,AP146,18-Jun-23,2,P,6-Jul-23
BBCW10,AP146,19-Jun-23,2,P,20-Jun-23
BBCW10,AP146,20-Jun-23,2,P,21-Jun-23
BBCW10,AP146,21-Jun-23,2,P,22-Jun-23
BBCW10,AP146,22-Jun-23,2,P,23-Jun-23
BBCW10,AP146,23-Jun-23,2,P,11-Jul-23
BBCW10,AP146,24-Jun-23,1,P,25-Jun-23
BBCW10,AP146,25-Jun-23,2,P,26-Jun-23
BBCW10,AP146,26-Jun-23,2,P,27-Jun-23
BBCW10,AP146,27-Jun-23,2,P,28-Jun-23
BBCW10,AP146,28-Jun-23,2,P,29-Jun-23
BBCW10,AP146,29-Jun-23,2,P,30-Jun-23
BBCW10,AP146,30-Jun-23,2,P,4-Jul-23
BBCW10,AP146,1-Jul-23,2,P,2-Jul-23
BBCW10,AP146,2-Jul-23,2,P,3-Jul-23
BBCW10,AP146,3-Jul-23,2,P,4-Jul-23
BBCW10,AP146,4-Jul-23,2,P,5-Jul-23
BBCW10,AP146,5-Jul-23,2,P,6-Jul-23
BBCW10,AP146,6-Jul-23,2,P,11-Jul-23
BBCW10,AP146,7-Jul-23,2,P,9-Jul-23
BBCW10,AP146,8-Jul-23,2,P,11-Jul-23
BBCW10,AP146,9-Jul-23,2,P,10-Jul-23
BBCW10,AP146,10-Jul-23,2,P,11-Jul-23
 ,,,,,
